"","regions","year","empleoservs","empleoturs","realpibturismo","realpibservicios","Pobl_total","poblalq"
"1","A Coruña","1955",89998,21162,NA,NA,NA,204
"2","A Coruña","1957",94402,23399,NA,NA,NA,218
"3","A Coruña","1959",101870,25716,NA,NA,NA,234
"4","A Coruña","1961",106507,27159,NA,NA,NA,256
"5","A Coruña","1963",111752,28090,NA,NA,NA,270
"6","A Coruña","1965",116996,29599,NA,NA,NA,276
"7","A Coruña","1967",122299,30957,NA,NA,NA,236
"8","A Coruña","1969",128185,33372,77843.3628318584,NA,"1034877",221
"9","A Coruña","1971",136359,36788,90964.7524752475,NA,"1030721",158
"10","A Coruña","1973",141735,37959,109733.220910624,NA,"1043292",154
"11","A Coruña","1975",149159,38033,118813.449564134,NA,"1056671",151
"12","A Coruña","1977",159397,38280,131847.584973166,NA,"1070168",147
"13","A Coruña","1979",162332,37652,NA,NA,"1082880",143
"14","A Coruña","1981",164835,34375,NA,127847.069681587,"1092175",141
"15","A Coruña","1983",169811,33635,NA,129462.406815761,"1100812",139
"16","A Coruña","1985",176976,34831,NA,131024.044032445,"1105233",137
"17","A Coruña","1987",185099,35759,NA,145319.879969993,"1104798",124
"18","A Coruña","1989",190364,36777,NA,163619.392575928,"1103018",118
"19","A Coruña","1991",198271,38738,NA,172163.018569735,"1097942",105
"20","A Coruña","1993",202077,38484,NA,172234.407836153,"1098871",78
"21","A Coruña","1995",380506,NA,NA,183428.571428571,"1099299",NA
"22","A Coruña","1997",394546,NA,NA,193218.795620438,"1097601",NA
"23","Álava","1955",16913,2802,NA,NA,NA,86
"24","Álava","1957",17760,3016,NA,NA,NA,90
"25","Álava","1959",18559,3297,NA,NA,NA,93
"26","Álava","1961",20038,3724,NA,NA,NA,95
"27","Álava","1963",21380,3827,NA,NA,NA,110
"28","Álava","1965",22552,4006,NA,NA,NA,113
"29","Álava","1967",23456,4139,NA,NA,NA,99
"30","Álava","1969",24814,4411,29361.5044247788,NA,"188723",90
"31","Álava","1971",26198,4848,33619.0099009901,NA,"199776",81
"32","Álava","1973",28311,5128,41664.0809443508,NA,"211227",72
"33","Álava","1975",31395,5220,46770.1120797011,NA,"223028",63
"34","Álava","1977",33718,5132,50566.3685152057,NA,"234980",61
"35","Álava","1979",35722,5336,NA,NA,"246439",58
"36","Álava","1981",37599,5430,NA,47028.703276419,"257105",56
"37","Álava","1983",42365,5697,NA,47798.9350372737,"262346",53
"38","Álava","1985",46936,6023,NA,49773.5805330243,"266265",52
"39","Álava","1987",48976,6235,NA,55021.1552888222,"269125",45
"40","Álava","1989",52025,6732,NA,61284.4994375703,"271300",43
"41","Álava","1991",55588,7003,NA,65806.6772026867,"272499",45
"42","Álava","1993",58472,7113,NA,64071.5583259127,"275212",38
"43","Álava","1995",110405,NA,NA,68213.9444173574,"277795",NA
"44","Álava","1997",115689,NA,NA,72188.6861313869,"280128",NA
"45","Albacete","1955",27901,5162,NA,NA,NA,108
"46","Albacete","1957",28615,5515,NA,NA,NA,111
"47","Albacete","1959",29840,5999,NA,NA,NA,106
"48","Albacete","1961",31193,6497,NA,NA,NA,104
"49","Albacete","1963",32652,6906,NA,NA,NA,102
"50","Albacete","1965",33120,6988,NA,NA,NA,101
"51","Albacete","1967",34456,7000,NA,NA,NA,93
"52","Albacete","1969",35853,7150,22279.6460176991,NA,"346820",82
"53","Albacete","1971",37561,7374,25302.1782178218,NA,"340709",72
"54","Albacete","1973",39793,7362,29294.7723440135,NA,"341184",63
"55","Albacete","1975",42384,7166,30993.0261519303,NA,"341203",47
"56","Albacete","1977",43995,6971,34176.3864042934,NA,"341188",42
"57","Albacete","1979",45981,6949,NA,NA,"340671",38
"58","Albacete","1981",46438,6724,NA,31440.6091370558,"339618",32
"59","Albacete","1983",47143,6905,NA,31674.9733759318,"341423",26
"60","Albacete","1985",47951,6742,NA,33116.8018539977,"342579",28
"61","Albacete","1987",49953,6920,NA,36162.0405101275,"342762",25
"62","Albacete","1989",52527,7230,NA,41620.6974128234,"342863",23
"63","Albacete","1991",55680,7509,NA,44455.8277360727,"342820",29
"64","Albacete","1993",57175,7676,NA,44285.2359750668,"347060",31
"65","Albacete","1995",103702,NA,NA,48709.5075572891,"351295",NA
"66","Albacete","1997",108463,NA,NA,51105.9306569343,"355497",NA
"67","Alicante","1955",71512,16878,NA,NA,NA,185
"68","Alicante","1957",74539,18018,NA,NA,NA,203
"69","Alicante","1959",79885,19490,NA,NA,NA,234
"70","Alicante","1961",85382,20393,NA,NA,NA,261
"71","Alicante","1963",92223,24545,NA,NA,NA,282
"72","Alicante","1965",95776,23602,NA,NA,NA,348
"73","Alicante","1967",104350,25374,NA,NA,NA,306
"74","Alicante","1969",117266,30277,86575.2212389381,NA,"891046",270
"75","Alicante","1971",124426,31297,100040.792079208,NA,"921985",366
"76","Alicante","1973",134012,33474,124940.640809444,NA,"965894",374
"77","Alicante","1975",144912,35342,136953.922789539,NA,"1011877",382
"78","Alicante","1977",154180,36845,151965.295169946,NA,"1057381",385
"79","Alicante","1979",161210,38218,NA,NA,"1102417",390
"80","Alicante","1981",174520,41731,NA,155414.120904476,"1145486",393
"81","Alicante","1983",186451,44390,NA,162183.599574015,"1180079",398
"82","Alicante","1985",193792,46909,NA,166682.329084589,"1210244",432
"83","Alicante","1987",209505,49289,NA,188091.822955739,"1238514",451
"84","Alicante","1989",221836,49882,NA,215116.265466817,"1265689",462
"85","Alicante","1991",232904,50429,NA,228448.873962861,"1290865",515
"86","Alicante","1993",233975,50293,NA,223089.082813891,"1323214",458
"87","Alicante","1995",427052,NA,NA,240058.410531448,"1354317",NA
"88","Alicante","1997",447191,NA,NA,253077.098540146,"1384693",NA
"89","Almería","1955",25249,3695,NA,NA,NA,15
"90","Almería","1957",26571,4098,NA,NA,NA,18
"91","Almería","1959",27871,4494,NA,NA,NA,20
"92","Almería","1961",29257,4900,NA,NA,NA,22
"93","Almería","1963",31572,5336,NA,NA,NA,24
"94","Almería","1965",33580,6019,NA,NA,NA,26
"95","Almería","1967",35905,6611,NA,NA,NA,28
"96","Almería","1969",38379,7693,22170.796460177,NA,"377641",23
"97","Almería","1971",40335,8375,26837.2277227723,NA,"377637",48
"98","Almería","1973",42223,8731,34533.8954468803,NA,"384280",56
"99","Almería","1975",44305,8779,38334.9937733499,NA,"390688",62
"100","Almería","1977",47280,8973,45854.9194991055,NA,"397307",68
"101","Almería","1979",49625,9117,NA,NA,"403841",73
"102","Almería","1981",51672,9517,NA,40915.7360406091,"410149",78
"103","Almería","1983",54167,10096,NA,41993.3972310969,"420329",83
"104","Almería","1985",59598,10383,NA,43122.8273464658,"430119",81
"105","Almería","1987",65411,11251,NA,49938.6346586647,"438682",78
"106","Almería","1989",68772,12277,NA,56735.7030371204,"447058",76
"107","Almería","1991",73080,12716,NA,61730.4227578032,"454951",73
"108","Almería","1993",75380,12665,NA,60450.6144256456,"470038",64
"109","Almería","1995",150297,NA,NA,77151.6333495856,"485082",NA
"110","Almería","1997",161701,NA,NA,81953.7408759124,"499714",NA
"111","Asturias (Ppdo. de)","1955",89057,18955,NA,NA,NA,287
"112","Asturias (Ppdo. de)","1957",93743,20834,NA,NA,NA,304
"113","Asturias (Ppdo. de)","1959",99627,23140,NA,NA,NA,314
"114","Asturias (Ppdo. de)","1961",105841,25222,NA,NA,NA,321
"115","Asturias (Ppdo. de)","1963",111827,27207,NA,NA,NA,338
"116","Asturias (Ppdo. de)","1965",116034,27314,NA,NA,NA,349
"117","Asturias (Ppdo. de)","1967",122148,27390,NA,NA,NA,356
"118","Asturias (Ppdo. de)","1969",125089,26652,106688.495575221,NA,"1046675",272
"119","Asturias (Ppdo. de)","1971",130303,27682,116477.227722772,NA,"1052039",243
"120","Asturias (Ppdo. de)","1973",135494,26775,138907.588532884,NA,"1069075",216
"121","Asturias (Ppdo. de)","1975",141058,26574,150528.268991283,NA,"1085361",205
"122","Asturias (Ppdo. de)","1977",147374,26331,154593.381037567,NA,"1102125",196
"123","Asturias (Ppdo. de)","1979",152678,25912,NA,NA,"1116858",190
"124","Asturias (Ppdo. de)","1981",156628,25219,NA,145193.908629442,"1128756",185
"125","Asturias (Ppdo. de)","1983",161929,25779,NA,142827.263045793,"1129917",178
"126","Asturias (Ppdo. de)","1985",166756,26227,NA,145790.44032445,"1126355",169
"127","Asturias (Ppdo. de)","1987",178034,27317,NA,159271.867966992,"1119511",148
"128","Asturias (Ppdo. de)","1989",183154,28162,NA,170892.688413948,"1109331",140
"129","Asturias (Ppdo. de)","1991",187247,29223,NA,173657.684709601,"1095557",133
"130","Asturias (Ppdo. de)","1993",191067,29274,NA,168096.384683882,"1091116",108
"131","Asturias (Ppdo. de)","1995",345412,NA,NA,172508.337396392,"1086001",NA
"132","Asturias (Ppdo. de)","1997",352879,NA,NA,176963.047445255,"1079198",NA
"133","Ávila","1955",18556,3373,NA,NA,NA,10
"134","Ávila","1957",19246,3576,NA,NA,NA,11
"135","Ávila","1959",19690,3818,NA,NA,NA,12
"136","Ávila","1961",20512,4099,NA,NA,NA,12
"137","Ávila","1963",21506,4107,NA,NA,NA,11
"138","Ávila","1965",22065,4125,NA,NA,NA,10
"139","Ávila","1967",22646,4304,NA,NA,NA,9
"140","Ávila","1969",23357,4480,13184.0707964602,NA,"218001",9
"141","Ávila","1971",24026,4737,13917.6237623762,NA,"211556",9
"142","Ávila","1973",24511,5035,16188.8701517707,NA,"205980",9
"143","Ávila","1975",25150,5181,17395.5168119552,NA,"200348",10
"144","Ávila","1977",25594,5144,18046.1538461538,NA,"194591",10
"145","Ávila","1979",25695,4819,NA,NA,"189079",10
"146","Ávila","1981",25742,4449,NA,17206.4605445316,"184062",11
"147","Ávila","1983",26229,4354,NA,17678.1682641108,"182687",11
"148","Ávila","1985",27758,4276,NA,18703.2444959444,"181293",10
"149","Ávila","1987",28669,4368,NA,20478.7696924231,"179546",10
"150","Ávila","1989",30233,4607,NA,23087.3790776153,"177331",10
"151","Ávila","1991",31361,4868,NA,24617.5424733307,"174732",10
"152","Ávila","1993",32797,4941,NA,24608.8691006233,"172921",8
"153","Ávila","1995",55312,NA,NA,25479.6684544125,"171183",NA
"154","Ávila","1997",57891,NA,NA,26576.4598540146,"169195",NA
"155","Badajoz","1955",54672,8854,NA,NA,NA,107
"156","Badajoz","1957",57200,9384,NA,NA,NA,110
"157","Badajoz","1959",59146,9991,NA,NA,NA,114
"158","Badajoz","1961",61617,10523,NA,NA,NA,118
"159","Badajoz","1963",63486,10433,NA,NA,NA,122
"160","Badajoz","1965",65554,10447,NA,NA,NA,153
"161","Badajoz","1967",68187,10246,NA,NA,NA,212
"162","Badajoz","1969",70238,10515,38960.1769911504,NA,"724508",239
"163","Badajoz","1971",73238,10803,43268.9108910891,NA,"701675",40
"164","Badajoz","1973",75540,11520,51741.652613828,NA,"692036",40
"165","Badajoz","1975",75886,11526,51630.6351183064,NA,"680857",40
"166","Badajoz","1977",79049,11429,53917.3524150268,NA,"668997",40
"167","Badajoz","1979",80171,11023,NA,NA,"656437",41
"168","Badajoz","1981",83063,10767,NA,50928.0110752192,"644694",41
"169","Badajoz","1983",86136,10758,NA,51293.077742279,"647475",41
"170","Badajoz","1985",90158,10929,NA,52638.7022016222,"649719",40
"171","Badajoz","1987",96031,10965,NA,59490.4726181545,"650867",38
"172","Badajoz","1989",99930,11540,NA,67920.2699662542,"651574",36
"173","Badajoz","1991",105222,12076,NA,74450.256815488,"650773",33
"174","Badajoz","1993",105998,12591,NA,75303.4728406055,"653084",29
"175","Badajoz","1995",175969,NA,NA,76607.0209653827,"654699",NA
"176","Badajoz","1997",191100,NA,NA,80953.9233576642,"655174",NA
"177","Baleares (Islas)","1955",67212,17005,NA,NA,NA,60
"178","Baleares (Islas)","1957",70290,18778,NA,NA,NA,63
"179","Baleares (Islas)","1959",77037,23605,NA,NA,NA,65
"180","Baleares (Islas)","1961",85216,28537,NA,NA,NA,68
"181","Baleares (Islas)","1963",91614,32845,NA,NA,NA,69
"182","Baleares (Islas)","1965",102020,38143,NA,NA,NA,78
"183","Baleares (Islas)","1967",112977,47465,NA,NA,NA,70
"184","Baleares (Islas)","1969",134180,65376,71394.6902654867,NA,"519857",65
"185","Baleares (Islas)","1971",142835,68226,84513.2673267327,NA,"532942",279
"186","Baleares (Islas)","1973",151405,71039,102578.752107926,NA,"558493",326
"187","Baleares (Islas)","1975",158037,73290,109229.140722291,NA,"584351",428
"188","Baleares (Islas)","1977",163475,74743,119661.359570662,NA,"608638",510
"189","Baleares (Islas)","1979",173988,77073,NA,NA,"631517",545
"190","Baleares (Islas)","1981",184284,82155,NA,122889.524688509,"653994",608
"191","Baleares (Islas)","1983",197766,87889,NA,130168.477103301,"668607",629
"192","Baleares (Islas)","1985",217407,100100,NA,141795.017381228,"679982",639
"193","Baleares (Islas)","1987",233005,108681,NA,164125.881470368,"690608",589
"194","Baleares (Islas)","1989",243471,110764,NA,185778.492688414,"700883",568
"195","Baleares (Islas)","1991",254016,113790,NA,199992.374555512,"708917",553
"196","Baleares (Islas)","1993",257400,115321,NA,201857.845057881,"732316",396
"197","Baleares (Islas)","1995",340078,NA,NA,211843.49098001,"756141",NA
"198","Baleares (Islas)","1997",354885,NA,NA,226544.890510949,"780019",NA
"199","Barcelona","1955",448547,91680,NA,NA,NA,9158
"200","Barcelona","1957",466013,95793,NA,NA,NA,9760
"201","Barcelona","1959",492483,101860,NA,NA,NA,10236
"202","Barcelona","1961",522411,108359,NA,NA,NA,10701
"203","Barcelona","1963",548872,111994,NA,NA,NA,11018
"204","Barcelona","1965",580793,116830,NA,NA,NA,11684
"205","Barcelona","1967",614745,122367,NA,NA,NA,9043
"206","Barcelona","1969",644740,128414,522671.681415929,NA,"3743030",8189
"207","Barcelona","1971",667247,130866,601223.762376238,NA,"3914943",7298
"208","Barcelona","1973",698065,133912,719414.165261383,NA,"4061858",6574
"209","Barcelona","1975",726288,132688,773262.515566625,NA,"4215017",5642
"210","Barcelona","1977",755866,131045,828293.559928444,NA,"4362865",5058
"211","Barcelona","1979",790886,128611,NA,NA,"4498516",4693
"212","Barcelona","1981",798461,122029,NA,771387.909552376,"4612172",3328
"213","Barcelona","1983",836844,122453,NA,769189.563365282,"4647065",2960
"214","Barcelona","1985",864215,125569,NA,781571.784472769,"4660900",2868
"215","Barcelona","1987",902802,130089,NA,878041.110277569,"4671597",2692
"216","Barcelona","1989",946195,139481,NA,989134.623172103,"4670250",2517
"217","Barcelona","1991",981894,146912,NA,1054866.13986567,"4657121",2413
"218","Barcelona","1993",988602,145682,NA,1017397.93410508,"4682089",2083
"219","Barcelona","1995",1674020,NA,NA,1081465.43149683,"4708424",NA
"220","Barcelona","1997",1755028,NA,NA,1134563.50364964,"4732285",NA
"221","Burgos","1955",37717,6496,NA,NA,NA,408
"222","Burgos","1957",39481,7117,NA,NA,NA,413
"223","Burgos","1959",40874,7973,NA,NA,NA,426
"224","Burgos","1961",42534,8699,NA,NA,NA,441
"225","Burgos","1963",44331,8952,NA,NA,NA,438
"226","Burgos","1965",45490,9331,NA,NA,NA,416
"227","Burgos","1967",46754,9683,NA,NA,NA,369
"228","Burgos","1969",49200,10017,34473.4513274336,NA,"366303",325
"229","Burgos","1971",50699,10457,37392.4752475248,NA,"361180",220
"230","Burgos","1973",53093,10937,43770.6576728499,NA,"361496",178
"231","Burgos","1975",54670,11116,47012.9514321295,NA,"362198",159
"232","Burgos","1977",55601,10732,51176.0286225403,NA,"363460",126
"233","Burgos","1979",54964,9376,NA,NA,"363947",98
"234","Burgos","1981",55136,8692,NA,45353.8532533456,"363595",72
"235","Burgos","1983",56379,8989,NA,46968.4771033014,"363691",49
"236","Burgos","1985",57871,9327,NA,48631.8076477404,"362312",47
"237","Burgos","1987",61531,9962,NA,54919.5798949737,"359958",44
"238","Burgos","1989",64708,10726,NA,60775.0731158605,"357019",43
"239","Burgos","1991",67651,11279,NA,63948.004741209,"353243",38
"240","Burgos","1993",67904,11421,NA,64199.2520035619,"352605",29
"241","Burgos","1995",127909,NA,NA,66253.5348610434,"352065",NA
"242","Burgos","1997",132859,NA,NA,69314.3248175182,"350988",NA
"243","Cáceres","1955",36428,6486,NA,NA,NA,62
"244","Cáceres","1957",37996,6800,NA,NA,NA,66
"245","Cáceres","1959",39670,7400,NA,NA,NA,64
"246","Cáceres","1961",41417,7884,NA,NA,NA,61
"247","Cáceres","1963",43916,8216,NA,NA,NA,59
"248","Cáceres","1965",45132,8292,NA,NA,NA,58
"249","Cáceres","1967",46697,8235,NA,NA,NA,53
"250","Cáceres","1969",47860,8357,26701.3274336283,NA,"481661",45
"251","Cáceres","1971",49202,8787,29262.1782178218,NA,"467680",39
"252","Cáceres","1973",50247,9051,34702.8667790894,NA,"459701",35
"253","Cáceres","1975",50660,8845,35679.4520547945,NA,"450559",33
"254","Cáceres","1977",52033,8867,38276.0286225403,NA,"440699",31
"255","Cáceres","1979",52722,8626,NA,NA,"431130",28
"256","Cáceres","1981",54220,8296,NA,36960.7752653438,"422298",26
"257","Cáceres","1983",55301,8377,NA,37248.5623003195,"421510",23
"258","Cáceres","1985",57356,8438,NA,38611.5295480881,"420076",21
"259","Cáceres","1987",59248,8753,NA,48269.9174793698,"418052",20
"260","Cáceres","1989",61418,9135,NA,55190.146231721,"415638",20
"261","Cáceres","1991",64138,9550,NA,57928.8028447254,"411968",20
"262","Cáceres","1993",65282,9848,NA,58880.249332146,"411301",17
"263","Cáceres","1995",119676,NA,NA,59923.939541687,"410377",NA
"264","Cáceres","1997",125956,NA,NA,62759.2153284672,"408709",NA
"265","Cádiz","1955",72772,16650,NA,NA,NA,83
"266","Cádiz","1957",75487,17660,NA,NA,NA,80
"267","Cádiz","1959",81635,19394,NA,NA,NA,76
"268","Cádiz","1961",86968,20389,NA,NA,NA,72
"269","Cádiz","1963",91209,21173,NA,NA,NA,66
"270","Cádiz","1965",98282,22336,NA,NA,NA,71
"271","Cádiz","1967",103993,22877,NA,NA,NA,83
"272","Cádiz","1969",109115,23169,66530.9734513274,NA,"871248",95
"273","Cádiz","1971",114838,23507,77289.5049504951,NA,"878474",108
"274","Cádiz","1973",118877,24043,90845.86846543,NA,"902424",113
"275","Cádiz","1975",127221,24316,97140.2241594022,NA,"924940",121
"276","Cádiz","1977",132315,23781,108977.280858676,NA,"947425",126
"277","Cádiz","1979",136206,22662,NA,NA,"968454",130
"278","Cádiz","1981",138867,21874,NA,102148.40793724,"986913",133
"279","Cádiz","1983",144071,21179,NA,102842.172523962,"1011300",135
"280","Cádiz","1985",149420,21715,NA,104039.165701043,"1032866",133
"281","Cádiz","1987",157961,22932,NA,115522.280570143,"1050662",114
"282","Cádiz","1989",163191,24119,NA,128890.933633296,"1065779",107
"283","Cádiz","1991",168401,24922,NA,134903.753457132,"1077946",102
"284","Cádiz","1993",170161,24714,NA,136757.68477293,"1088511",93
"285","Cádiz","1995",279503,NA,NA,134854.705021941,"1097121",NA
"286","Cádiz","1997",299559,NA,NA,142461.496350365,"1102546",NA
"287","Cantabria","1955",49860,11666,NA,NA,NA,212
"288","Cantabria","1957",52413,12414,NA,NA,NA,221
"289","Cantabria","1959",54508,13008,NA,NA,NA,234
"290","Cantabria","1961",56910,13293,NA,NA,NA,256
"291","Cantabria","1963",58408,13520,NA,NA,NA,271
"292","Cantabria","1965",59766,14005,NA,NA,NA,264
"293","Cantabria","1967",61632,14733,NA,NA,NA,234
"294","Cantabria","1969",63312,15100,50822.1238938053,NA,"464871",204
"295","Cantabria","1971",65170,15432,56976.2376237624,NA,"469079",183
"296","Cantabria","1973",65390,15704,64979.089376054,NA,"477491",129
"297","Cantabria","1975",68391,15765,68996.2640099626,NA,"486312",96
"298","Cantabria","1977",72254,15655,74351.6994633274,NA,"495852",72
"299","Cantabria","1979",76262,15329,NA,NA,"505322",59
"300","Cantabria","1981",77996,14857,NA,71102.3534840794,"512608",51
"301","Cantabria","1983",80432,15004,NA,69963.3652822151,"519335",46
"302","Cantabria","1985",84499,15433,NA,71149.0150637312,"523572",44
"303","Cantabria","1987",89821,16237,NA,78119.1297824456,"526081",52
"304","Cantabria","1989",94089,16294,NA,86844.6344206974,"527667",67
"305","Cantabria","1991",96187,16666,NA,89472.4219676017,"527567",85
"306","Cantabria","1993",96554,16310,NA,87583.8646482636,"529686",91
"307","Cantabria","1995",167559,NA,NA,90545.2949780595,"531185",NA
"308","Cantabria","1997",175932,NA,NA,94103.5583941606,"531994",NA
"309","Castellón","1955",32571,5320,NA,NA,NA,55
"310","Castellón","1957",34708,6249,NA,NA,NA,57
"311","Castellón","1959",37122,6719,NA,NA,NA,59
"312","Castellón","1961",39539,7245,NA,NA,NA,60
"313","Castellón","1963",42083,7569,NA,NA,NA,61
"314","Castellón","1965",44126,8347,NA,NA,NA,65
"315","Castellón","1967",46879,8654,NA,NA,NA,54
"316","Castellón","1969",49091,8845,36821.6814159292,NA,"380846",50
"317","Castellón","1971",52287,9659,42765.1485148515,NA,"386464",54
"318","Castellón","1973",54149,10040,52436.7622259697,NA,"394395",60
"319","Castellón","1975",55850,9857,57328.0199252802,NA,"403308",64
"320","Castellón","1977",58411,10174,62990.3398926655,NA,"412740",68
"321","Castellón","1979",61782,10724,NA,NA,"422296",72
"322","Castellón","1981",64504,10811,NA,59223.627134287,"431425",76
"323","Castellón","1983",67963,11313,NA,59954.4195953142,"436835",78
"324","Castellón","1985",72603,11898,NA,61734.6465816918,"440427",79
"325","Castellón","1987",78493,12994,NA,69794.1485371343,"442964",90
"326","Castellón","1989",79565,12954,NA,82210.7986501687,"445213",92
"327","Castellón","1991",81725,12986,NA,86408.1785855393,"446767",98
"328","Castellón","1993",81915,12732,NA,85731.1843276937,"453154",93
"329","Castellón","1995",175326,NA,NA,99960.7020965383,"459972",NA
"330","Castellón","1997",185170,NA,NA,105234.489051095,"466654",NA
"331","Ceuta","1971",NA,NA,NA,NA,"62607",NA
"332","Ceuta","1973",NA,NA,NA,NA,"63192",NA
"333","Ceuta","1975",NA,NA,NA,NA,"63496",NA
"334","Ceuta","1977",NA,NA,NA,NA,"64068",NA
"335","Ceuta","1979",NA,NA,NA,NA,"64606",NA
"336","Ceuta","1981",NA,NA,NA,NA,"65173",NA
"337","Ceuta","1983",NA,NA,NA,NA,"65730",NA
"338","Ceuta","1985",NA,NA,NA,NA,"66196",NA
"339","Ceuta","1987",NA,NA,NA,NA,"66657",NA
"340","Ceuta","1989",NA,NA,NA,NA,"67254",NA
"341","Ceuta","1991",NA,NA,NA,NA,"67610",NA
"342","Ceuta","1993",NA,NA,NA,NA,"68449",NA
"343","Ceuta","1995",NA,NA,NA,NA,"69318",NA
"344","Ceuta","1997",NA,NA,NA,NA,"69990",NA
"345","Ciudad Real","1955",40344,7659,NA,NA,NA,71
"346","Ciudad Real","1957",42455,8590,NA,NA,NA,76
"347","Ciudad Real","1959",44650,9457,NA,NA,NA,79
"348","Ciudad Real","1961",46726,10012,NA,NA,NA,80
"349","Ciudad Real","1963",48449,10178,NA,NA,NA,78
"350","Ciudad Real","1965",50064,10187,NA,NA,NA,75
"351","Ciudad Real","1967",51644,10215,NA,NA,NA,70
"352","Ciudad Real","1969",53627,10679,36203.0973451327,NA,"525362",65
"353","Ciudad Real","1971",54608,10957,38455.8415841584,NA,"512799",62
"354","Ciudad Real","1973",56892,11929,48328.8364249578,NA,"506452",54
"355","Ciudad Real","1975",58498,11903,50806.4757160648,NA,"499303",52
"356","Ciudad Real","1977",60292,11188,53042.0393559928,NA,"492107",49
"357","Ciudad Real","1979",60316,10362,NA,NA,"484003",46
"358","Ciudad Real","1981",60076,9021,NA,46721.089063221,"476049",44
"359","Ciudad Real","1983",61379,8898,NA,47136.7412140575,"476889",43
"360","Ciudad Real","1985",62823,9008,NA,47884.2410196987,"477587",41
"361","Ciudad Real","1987",65848,9084,NA,53850.5626406602,"477557",39
"362","Ciudad Real","1989",68169,9550,NA,60809.4938132733,"477088",37
"363","Ciudad Real","1991",70509,9905,NA,66317.8980640063,"475825",36
"364","Ciudad Real","1993",70853,9634,NA,66736.1353517364,"477519",28
"365","Ciudad Real","1995",135323,NA,NA,69815.2120916626,"478996",NA
"366","Ciudad Real","1997",144008,NA,NA,73070.3467153285,"479496",NA
"367","Córdoba","1955",61509,10820,NA,NA,NA,164
"368","Córdoba","1957",63355,11670,NA,NA,NA,172
"369","Córdoba","1959",66242,12544,NA,NA,NA,176
"370","Córdoba","1961",69454,13390,NA,NA,NA,189
"371","Córdoba","1963",71767,13456,NA,NA,NA,196
"372","Córdoba","1965",74853,13356,NA,NA,NA,203
"373","Córdoba","1967",77170,13485,NA,NA,NA,180
"374","Córdoba","1969",78593,13608,48983.6283185841,NA,"744164",163
"375","Córdoba","1971",80861,14283,55329.5049504951,NA,"731311",144
"376","Córdoba","1973",83749,14943,63701.1804384486,NA,"730960",126
"377","Córdoba","1975",83046,14201,65272.9763387298,NA,"729046",103
"378","Córdoba","1977",86475,14014,71153.6672629696,NA,"727053",89
"379","Córdoba","1979",87746,13758,NA,NA,"724955",81
"380","Córdoba","1981",88669,13256,NA,66023.8117212736,"721446",77
"381","Córdoba","1983",90741,13037,NA,65375.9318423855,"729842",70
"382","Córdoba","1985",95954,12861,NA,69188.5863267671,"737794",68
"383","Córdoba","1987",103038,13101,NA,74803.7509377344,"743984",59
"384","Córdoba","1989",108007,13848,NA,84380.6524184477,"749537",58
"385","Córdoba","1991",111816,14388,NA,92885.6183326748,"754226",54
"386","Córdoba","1993",113041,13961,NA,92555.4764024933,"758559",39
"387","Córdoba","1995",200928,NA,NA,94768.5031691858,"761142",NA
"388","Córdoba","1997",214121,NA,NA,100586.770072993,"761586",NA
"389","Cuenca","1955",19454,2769,NA,NA,NA,83
"390","Cuenca","1957",20430,3237,NA,NA,NA,91
"391","Cuenca","1959",21378,3577,NA,NA,NA,96
"392","Cuenca","1961",22175,3675,NA,NA,NA,101
"393","Cuenca","1963",23150,3834,NA,NA,NA,99
"394","Cuenca","1965",23315,3795,NA,NA,NA,96
"395","Cuenca","1967",23459,3817,NA,NA,NA,84
"396","Cuenca","1969",24542,3879,16353.982300885,NA,"262755",72
"397","Cuenca","1971",25387,4097,17756.4356435644,NA,"251573",65
"398","Cuenca","1973",26281,4136,22850.5902192243,NA,"244944",57
"399","Cuenca","1975",26626,4240,24020.9215442092,NA,"238122",43
"400","Cuenca","1977",26640,4217,24830.2325581395,NA,"231196",38
"401","Cuenca","1979",26743,3989,NA,NA,"223924",29
"402","Cuenca","1981",26467,3889,NA,19522.0119981541,"216720",21
"403","Cuenca","1983",26650,3922,NA,19579.7657082002,"214609",14
"404","Cuenca","1985",27008,3999,NA,20078.2734646582,"212519",14
"405","Cuenca","1987",28320,4074,NA,21709.0772693173,"210060",13
"406","Cuenca","1989",29394,4275,NA,24856.062992126,"207795",13
"407","Cuenca","1991",31296,4565,NA,26407.2303437377,"205482",23
"408","Cuenca","1993",31271,4494,NA,26537.2039180766,"204878",12
"409","Cuenca","1995",62952,NA,NA,27936.9088249634,"203960",NA
"410","Cuenca","1997",64644,NA,NA,29687.8649635036,"202868",NA
"411","Girona","1955",51439,15758,NA,NA,NA,40
"412","Girona","1957",55831,18095,NA,NA,NA,41
"413","Girona","1959",59176,19429,NA,NA,NA,43
"414","Girona","1961",64154,22188,NA,NA,NA,46
"415","Girona","1963",66712,23127,NA,NA,NA,48
"416","Girona","1965",70399,25010,NA,NA,NA,56
"417","Girona","1967",72593,25546,NA,NA,NA,67
"418","Girona","1969",76909,26023,53207.5221238938,NA,"403951",75
"419","Girona","1971",81066,27137,60228.1188118812,NA,"412341",80
"420","Girona","1973",83964,28560,71522.4283305228,NA,"422887",86
"421","Girona","1975",87282,28893,78267.496886675,NA,"433814",121
"422","Girona","1977",89262,28882,86185.8676207513,NA,"445239",148
"423","Girona","1979",92869,29841,NA,NA,"456576",176
"424","Girona","1981",96517,31492,NA,82578.2187355791,"466223",193
"425","Girona","1983",105428,35445,NA,86915.8679446219,"476230",218
"426","Girona","1985",113238,37231,NA,89610.6604866744,"484850",289
"427","Girona","1987",123224,41516,NA,104864.666166542,"493204",299
"428","Girona","1989",128705,41923,NA,120014.308211474,"501271",326
"429","Girona","1991",137435,44875,NA,129729.909126827,"509055",383
"430","Girona","1993",138005,42821,NA,128846.019590383,"519562",324
"431","Girona","1995",240432,NA,NA,146165.870307167,"530001",NA
"432","Girona","1997",249111,NA,NA,153862.682481752,"539838",NA
"433","Granada","1955",64366,14920,NA,NA,NA,566
"434","Granada","1957",66420,16066,NA,NA,NA,589
"435","Granada","1959",70630,17988,NA,NA,NA,603
"436","Granada","1961",74470,19134,NA,NA,NA,621
"437","Granada","1963",77509,19358,NA,NA,NA,656
"438","Granada","1965",81063,19630,NA,NA,NA,669
"439","Granada","1967",82768,19497,NA,NA,NA,594
"440","Granada","1969",84300,19876,42679.6460176991,NA,"749336",541
"441","Granada","1971",85424,19764,48251.8811881188,NA,"741618",486
"442","Granada","1973",88262,20018,57712.3102866779,NA,"746905",392
"443","Granada","1975",91879,19940,59615.9402241594,NA,"751207",338
"444","Granada","1977",98446,19284,65406.4400715564,NA,"754461",294
"445","Granada","1979",101045,18633,NA,NA,"756998",161
"446","Granada","1981",99906,17324,NA,60589.2016612829,"758607",134
"447","Granada","1983",103647,16797,NA,61368.4771033014,"767649",93
"448","Granada","1985",107192,17045,NA,63868.8876013905,"775461",84
"449","Granada","1987",115315,17943,NA,71301.5753938485,"781899",69
"450","Granada","1989",120728,18339,NA,82065.151856018,"787158",69
"451","Granada","1991",124687,18339,NA,89164.3619122876,"791211",68
"452","Granada","1993",126059,17983,NA,89861.1932324132,"798388",53
"453","Granada","1995",201305,NA,NA,91256.5577766943,"805020",NA
"454","Granada","1997",216669,NA,NA,96177.2810218978,"810747",NA
"455","Guadalajara","1955",15066,2172,NA,NA,NA,61
"456","Guadalajara","1957",25539,2358,NA,NA,NA,64
"457","Guadalajara","1959",16033,2586,NA,NA,NA,67
"458","Guadalajara","1961",16650,2765,NA,NA,NA,65
"459","Guadalajara","1963",17322,3027,NA,NA,NA,63
"460","Guadalajara","1965",17775,3097,NA,NA,NA,62
"461","Guadalajara","1967",18063,3226,NA,NA,NA,54
"462","Guadalajara","1969",19241,3397,13908.8495575221,NA,"155703",46
"463","Guadalajara","1971",20256,3570,15649.900990099,NA,"149803",41
"464","Guadalajara","1973",20456,3639,19246.5430016863,NA,"147386",36
"465","Guadalajara","1975",21015,3708,19300.8717310087,NA,"145540",35
"466","Guadalajara","1977",21699,3587,20984.4364937388,NA,"144350",34
"467","Guadalajara","1979",21973,3447,NA,NA,"143634",33
"468","Guadalajara","1981",22372,3571,NA,18749.5154591601,"143436",32
"469","Guadalajara","1983",22707,3712,NA,18830.6709265176,"144531",30
"470","Guadalajara","1985",24515,4046,NA,20325.6083429896,"145123",29
"471","Guadalajara","1987",26035,4188,NA,22749.7374343586,"145427",25
"472","Guadalajara","1989",27125,4415,NA,28922.8346456693,"145702",23
"473","Guadalajara","1991",28761,4998,NA,30228.2892137495,"145632",21
"474","Guadalajara","1993",29165,5040,NA,30012.5022261799,"150334",18
"475","Guadalajara","1995",53632,NA,NA,31856.0702096538,"155407",NA
"476","Guadalajara","1997",56930,NA,NA,33211.496350365,"160754",NA
"477","Guipúzcoa","1955",67434,14401,NA,NA,NA,851
"478","Guipúzcoa","1957",70375,15293,NA,NA,NA,865
"479","Guipúzcoa","1959",72769,16473,NA,NA,NA,872
"480","Guipúzcoa","1961",75430,17258,NA,NA,NA,889
"481","Guipúzcoa","1963",79105,17810,NA,NA,NA,907
"482","Guipúzcoa","1965",81913,18639,NA,NA,NA,928
"483","Guipúzcoa","1967",85190,19155,NA,NA,NA,828
"484","Guipúzcoa","1969",89466,20459,88438.9380530974,NA,"602431",738
"485","Guipúzcoa","1971",92237,20687,100485.148514851,NA,"626041",512
"486","Guipúzcoa","1973",95088,20369,120322.765598651,NA,"642140",416
"487","Guipúzcoa","1975",98572,20362,129156.164383562,NA,"657255",287
"488","Guipúzcoa","1977",99478,20176,132581.75313059,NA,"672644",169
"489","Guipúzcoa","1979",100316,18568,NA,NA,"685414",121
"490","Guipúzcoa","1981",102441,18585,NA,106397.692662667,"694210",93
"491","Guipúzcoa","1983",104719,18176,NA,104446.432374867,"695619",72
"492","Guipúzcoa","1985",107337,18160,NA,104803.070683662,"693677",67
"493","Guipúzcoa","1987",113527,18817,NA,114989.047261815,"689697",59
"494","Guipúzcoa","1989",116824,19640,NA,125225.736782902,"684062",53
"495","Guipúzcoa","1991",120168,21027,NA,129751.718688266,"677245",52
"496","Guipúzcoa","1993",119481,19882,NA,125437.827248442,"676075",50
"497","Guipúzcoa","1995",215046,NA,NA,135826.328620185,"675295",NA
"498","Guipúzcoa","1997",237023,NA,NA,140820.52919708,"674324",NA
"499","Huelva","1955",31265,7428,NA,NA,NA,13
"500","Huelva","1957",33425,8255,NA,NA,NA,15
"501","Huelva","1959",35517,9021,NA,NA,NA,18
"502","Huelva","1961",37734,9719,NA,NA,NA,17
"503","Huelva","1963",39686,9752,NA,NA,NA,16
"504","Huelva","1965",41135,9788,NA,NA,NA,13
"505","Huelva","1967",43387,9871,NA,NA,NA,10
"506","Huelva","1969",44658,9997,29389.3805309735,NA,"404903",9
"507","Huelva","1971",46215,10084,36785.3465346535,NA,"403402",12
"508","Huelva","1973",48167,10317,46863.7436762226,NA,"406445",18
"509","Huelva","1975",49832,10053,52271.7310087173,NA,"409399",29
"510","Huelva","1977",51865,10086,53756.3506261181,NA,"412508",38
"511","Huelva","1979",54080,9602,NA,NA,"415473",45
"512","Huelva","1981",54136,8789,NA,46019.1970466082,"418120",53
"513","Huelva","1983",54854,8689,NA,44263.684771033,"424947",68
"514","Huelva","1985",56119,8825,NA,44146.4078794901,"430598",70
"515","Huelva","1987",58117,9145,NA,49997.1492873218,"435435",68
"516","Huelva","1989",60657,9795,NA,56025.6917885264,"439490",66
"517","Huelva","1991",63571,10221,NA,58406.5981825366,"443256",65
"518","Huelva","1993",65233,10156,NA,59285.3428317008,"447380",43
"519","Huelva","1995",120559,NA,NA,60884.9341784495,"451167",NA
"520","Huelva","1997",133107,NA,NA,65000.5474452555,"454387",NA
"521","Huesca","1955",21496,3564,NA,NA,NA,32
"522","Huesca","1957",22676,4121,NA,NA,NA,38
"523","Huesca","1959",23434,4595,NA,NA,NA,41
"524","Huesca","1961",24483,5118,NA,NA,NA,44
"525","Huesca","1963",25621,5334,NA,NA,NA,47
"526","Huesca","1965",26741,5467,NA,NA,NA,58
"527","Huesca","1967",27593,5672,NA,NA,NA,53
"528","Huesca","1969",28068,5742,23500.8849557522,NA,"224294",46
"529","Huesca","1971",29194,5899,26923.9603960396,NA,"221760",40
"530","Huesca","1973",29649,5955,30013.1534569983,NA,"220261",36
"531","Huesca","1975",30644,5837,34149.9377334994,NA,"218607",30
"532","Huesca","1977",32109,6079,35092.4865831843,NA,"217076",26
"533","Huesca","1979",32487,6140,NA,NA,"216097",23
"534","Huesca","1981",32239,6173,NA,30491.4628518689,"215018",21
"535","Huesca","1983",32294,6120,NA,29564.0042598509,"214889",23
"536","Huesca","1985",33653,6113,NA,29718.7717265353,"213599",23
"537","Huesca","1987",35218,6183,NA,32530.5326331583,"211982",24
"538","Huesca","1989",37467,6494,NA,35827.3565804274,"210092",33
"539","Huesca","1991",39118,6923,NA,37237.8111418412,"208060",38
"540","Huesca","1993",39350,6702,NA,36624.3633125557,"208176",34
"541","Huesca","1995",74085,NA,NA,38792.4914675768,"208034",NA
"542","Huesca","1997",78079,NA,NA,40643.0656934307,"207472",NA
"543","Jaén","1955",47936,8350,NA,NA,NA,90
"544","Jaén","1957",50217,8990,NA,NA,NA,94
"545","Jaén","1959",52125,9500,NA,NA,NA,92
"546","Jaén","1961",54327,10193,NA,NA,NA,90
"547","Jaén","1963",55917,10183,NA,NA,NA,86
"548","Jaén","1965",56899,10196,NA,NA,NA,83
"549","Jaén","1967",59254,10125,NA,NA,NA,74
"550","Jaén","1969",60954,10483,39838.9380530974,NA,"681706",64
"551","Jaén","1971",62668,11301,43365.1485148515,NA,"668193",46
"552","Jaén","1973",63508,11098,51717.3693086003,NA,"664116",53
"553","Jaén","1975",65659,10969,53573.3499377335,NA,"658436",51
"554","Jaén","1977",67892,10771,57245.7960644007,NA,"651861",49
"555","Jaén","1979",67409,10103,NA,NA,"645337",46
"556","Jaén","1981",66123,9603,NA,55354.2224273189,"640103",45
"557","Jaén","1983",67717,9426,NA,57012.9925452609,"641824",42
"558","Jaén","1985",71464,9558,NA,58937.4855156431,"642583",41
"559","Jaén","1987",77491,9849,NA,60408.4021005251,"642049",40
"560","Jaén","1989",80608,10281,NA,70763.8245219348,"640170",39
"561","Jaén","1991",82286,10556,NA,78469.6167522718,"638032",37
"562","Jaén","1993",84032,10535,NA,74387.1772039181,"641025",30
"563","Jaén","1995",160437,NA,NA,75609.5563139932,"643765",NA
"564","Jaén","1997",171658,NA,NA,78262.0437956204,"644743",NA
"565","Las Palmas","1955",47359,9639,NA,NA,NA,15
"566","Las Palmas","1957",50365,10756,NA,NA,NA,18
"567","Las Palmas","1959",54532,12221,NA,NA,NA,21
"568","Las Palmas","1961",58189,13730,NA,NA,NA,23
"569","Las Palmas","1963",65038,16643,NA,NA,NA,26
"570","Las Palmas","1965",71412,19474,NA,NA,NA,28
"571","Las Palmas","1967",82822,23756,NA,NA,NA,45
"572","Las Palmas","1969",93366,27832,46484.0707964602,NA,"536278",62
"573","Las Palmas","1971",104339,31255,57299.4059405941,NA,"548979",83
"574","Las Palmas","1973",113594,34780,70784.8229342327,NA,"583722",125
"575","Las Palmas","1975",121185,36199,73770.8592777086,NA,"617813",154
"576","Las Palmas","1977",128978,37205,83756.8872987478,NA,"648786",196
"577","Las Palmas","1979",141739,39050,NA,NA,"678300",228
"578","Las Palmas","1981",148821,40015,NA,92365.9437009691,"706192",279
"579","Las Palmas","1983",152873,40617,NA,93392.1192758253,"723426",369
"580","Las Palmas","1985",160555,42810,NA,96772.0741599073,"736871",378
"581","Las Palmas","1987",171072,46914,NA,110913.428357089,"748573",348
"582","Las Palmas","1989",179715,48185,NA,131739.212598425,"759547",332
"583","Las Palmas","1991",187527,49247,NA,134336.349269064,"767695",315
"584","Las Palmas","1993",191880,50625,NA,138567.088156723,"789368",213
"585","Las Palmas","1995",284966,NA,NA,153079.473427596,"811374",NA
"586","Las Palmas","1997",305489,NA,NA,163564.689781022,"833168",NA
"587","León","1955",49879,13888,NA,NA,NA,167
"588","León","1957",51789,14656,NA,NA,NA,186
"589","León","1959",53469,15339,NA,NA,NA,195
"590","León","1961",55863,16065,NA,NA,NA,204
"591","León","1963",57817,16246,NA,NA,NA,199
"592","León","1965",60167,16171,NA,NA,NA,172
"593","León","1967",62423,16154,NA,NA,NA,153
"594","León","1969",63866,16243,43458.8495575221,NA,"568803",135
"595","León","1971",64906,16380,48105.7425742574,NA,"562758",118
"596","León","1973",67232,16916,54209.4435075885,NA,"556876",100
"597","León","1975",68111,16734,55802.2415940224,NA,"549802",93
"598","León","1977",70524,16311,58989.9821109123,NA,"541776",84
"599","León","1979",70933,15316,NA,NA,"533720",72
"600","León","1981",69983,13425,NA,57436.6405168436,"524491",63
"601","León","1983",70077,12835,NA,57733.9723109691,"526439",55
"602","León","1985",71509,12681,NA,58973.2908458864,"528384",52
"603","León","1987",75427,13109,NA,66392.048012003,"528845",45
"604","León","1989",79270,13977,NA,73586.1867266592,"528038",43
"605","León","1991",82759,14308,NA,77301.145792177,"526205",42
"606","León","1993",84535,14041,NA,76801.1754229742,"520815",36
"607","León","1995",166818,NA,NA,76994.1491955144,"514191",NA
"608","León","1997",170139,NA,NA,80060.1277372263,"507025",NA
"609","Lleida","1955",33660,5466,NA,NA,NA,68
"610","Lleida","1957",35375,6175,NA,NA,NA,72
"611","Lleida","1959",37055,6759,NA,NA,NA,75
"612","Lleida","1961",38466,7080,NA,NA,NA,78
"613","Lleida","1963",39949,7425,NA,NA,NA,80
"614","Lleida","1965",41594,7791,NA,NA,NA,83
"615","Lleida","1967",43508,8103,NA,NA,NA,79
"616","Lleida","1969",45056,8258,38899.1150442478,NA,"346329",72
"617","Lleida","1971",46939,8514,43510.099009901,NA,"347091",69
"618","Lleida","1973",48675,9100,51693.0860033727,NA,"348111",65
"619","Lleida","1975",50958,9085,53077.9576587796,NA,"349320",60
"620","Lleida","1977",52476,9123,54765.2951699463,NA,"350981",57
"621","Lleida","1979",53423,9519,NA,NA,"352315",55
"622","Lleida","1981",55756,10012,NA,49227.6880479926,"353240",52
"623","Lleida","1983",58545,10643,NA,51246.6453674121,"354997",50
"624","Lleida","1985",61223,11510,NA,52280.9965237543,"355495",50
"625","Lleida","1987",64511,12374,NA,58232.2580645161,"355133",50
"626","Lleida","1989",68321,12966,NA,65990.4161979753,"354649",50
"627","Lleida","1991",71776,13393,NA,70784.7096009482,"353595",50
"628","Lleida","1993",72408,12989,NA,70523.2413178985,"355225",36
"629","Lleida","1995",137484,NA,NA,73686.8844466114,"356854",NA
"630","Lleida","1997",141715,NA,NA,77481.0218978102,"358127",NA
"631","Lugo","1955",32454,7860,NA,NA,NA,18
"632","Lugo","1957",33820,8571,NA,NA,NA,20
"633","Lugo","1959",35008,9158,NA,NA,NA,22
"634","Lugo","1961",36489,9773,NA,NA,NA,25
"635","Lugo","1963",37863,9958,NA,NA,NA,27
"636","Lugo","1965",38579,9970,NA,NA,NA,31
"637","Lugo","1967",39372,9996,NA,NA,NA,31
"638","Lugo","1969",40438,9835,28157.5221238938,NA,"434174",32
"639","Lugo","1971",41516,9935,29742.1782178218,NA,"423056",32
"640","Lugo","1973",43721,10376,34677.5716694772,NA,"419700",32
"641","Lugo","1975",45390,10343,35729.5143212951,NA,"416106",33
"642","Lugo","1977",47682,10385,39828.6225402504,NA,"412386",35
"643","Lugo","1979",48618,10047,NA,NA,"408817",34
"644","Lugo","1981",47627,9013,NA,37444.4854637748,"405860",33
"645","Lugo","1983",47727,8579,NA,38458.3599574015,"403378",33
"646","Lugo","1985",48984,8712,NA,38388.5283893395,"400243",32
"647","Lugo","1987",52622,8919,NA,39986.6466616654,"395869",25
"648","Lugo","1989",55754,9344,NA,45288.1889763779,"391205",24
"649","Lugo","1991",59823,10076,NA,49943.7771631766,"385194",24
"650","Lugo","1993",60897,10048,NA,48506.60730187,"380684",20
"651","Lugo","1995",156199,NA,NA,51275.4753778645,"376501",NA
"652","Lugo","1997",154865,NA,NA,53175.8211678832,"370966",NA
"653","Madrid (Com. de)","1955",536199,126963,NA,NA,NA,10696
"654","Madrid (Com. de)","1957",566854,137100,NA,NA,NA,11590
"655","Madrid (Com. de)","1959",612755,155296,NA,NA,NA,12418
"656","Madrid (Com. de)","1961",649163,164765,NA,NA,NA,13662
"657","Madrid (Com. de)","1963",694069,169889,NA,NA,NA,14970
"658","Madrid (Com. de)","1965",743973,175103,NA,NA,NA,16284
"659","Madrid (Com. de)","1967",770733,179616,NA,NA,NA,15720
"660","Madrid (Com. de)","1969",832851,192593,478918.14159292,NA,"3551640",12468
"661","Madrid (Com. de)","1971",887995,198040,557928.712871287,NA,"3761320",9863
"662","Madrid (Com. de)","1973",955532,199616,703770.65767285,NA,"3951653",8216
"663","Madrid (Com. de)","1975",1012039,198052,786488.667496887,NA,"4147492",5325
"664","Madrid (Com. de)","1977",1031695,199520,843940.250447227,NA,"4342419",4380
"665","Madrid (Com. de)","1979",1078259,202267,NA,NA,"4521712",3561
"666","Madrid (Com. de)","1981",1082017,203329,NA,816582.279649285,"4675012",2980
"667","Madrid (Com. de)","1983",1111678,204794,NA,812116.293929712,"4762083",2413
"668","Madrid (Com. de)","1985",1160060,209211,NA,847727.5202781,"4826262",2552
"669","Madrid (Com. de)","1987",1205089,216116,NA,959742.835708927,"4879392",2369
"670","Madrid (Com. de)","1989",1270912,217872,NA,1078377.63779528,"4920827",2262
"671","Madrid (Com. de)","1991",1327490,218795,NA,1150715.01382853,"4947735",2117
"672","Madrid (Com. de)","1993",1366738,219653,NA,1157330.65004452,"5030383",1826
"673","Madrid (Com. de)","1995",1976317,NA,NA,1276413.35933691,"5116658",NA
"674","Madrid (Com. de)","1997",2068726,NA,NA,1342977.55474453,"5198753",NA
"675","Málaga","1955",76895,17772,NA,NA,NA,913
"676","Málaga","1957",80175,18706,NA,NA,NA,921
"677","Málaga","1959",84907,20314,NA,NA,NA,956
"678","Málaga","1961",92212,22949,NA,NA,NA,998
"679","Málaga","1963",97409,25059,NA,NA,NA,1002
"680","Málaga","1965",104847,28366,NA,NA,NA,1138
"681","Málaga","1967",114215,31140,NA,NA,NA,1041
"682","Málaga","1969",123399,34634,65540.7079646018,NA,"845168",918
"683","Málaga","1971",133174,39299,77503.3663366337,NA,"853567",813
"684","Málaga","1973",142007,42395,94277.9089376054,NA,"886989",669
"685","Málaga","1975",147349,42165,98979.0784557908,NA,"921568",603
"686","Málaga","1977",151770,42885,108081.574239714,NA,"955105",564
"687","Málaga","1979",157547,44162,NA,NA,"988690",489
"688","Málaga","1981",162211,46330,NA,109245.685279188,"1022386",462
"689","Málaga","1983",175346,48751,NA,115532.268370607,"1053657",446
"690","Málaga","1985",187209,54138,NA,121199.304750869,"1082308",424
"691","Málaga","1987",205897,60609,NA,140069.91747937,"1108661",398
"692","Málaga","1989",216419,64349,NA,161742.047244094,"1133888",423
"693","Málaga","1991",224045,65502,NA,173869.261161596,"1158881",369
"694","Málaga","1993",225620,63955,NA,172529.545859305,"1183974",284
"695","Málaga","1995",335400,NA,NA,184988.785958069,"1207179",NA
"696","Málaga","1997",361257,NA,NA,198532.664233577,"1229495",NA
"697","Melilla","1971",NA,NA,NA,NA,"60815",NA
"698","Melilla","1973",NA,NA,NA,NA,"59549",NA
"699","Melilla","1975",NA,NA,NA,NA,"58275",NA
"700","Melilla","1977",NA,NA,NA,NA,"56395",NA
"701","Melilla","1979",NA,NA,NA,NA,"54802",NA
"702","Melilla","1981",NA,NA,NA,NA,"53647",NA
"703","Melilla","1983",NA,NA,NA,NA,"54045",NA
"704","Melilla","1985",NA,NA,NA,NA,"54694",NA
"705","Melilla","1987",NA,NA,NA,NA,"55421",NA
"706","Melilla","1989",NA,NA,NA,NA,"56109",NA
"707","Melilla","1991",NA,NA,NA,NA,"56605",NA
"708","Melilla","1993",NA,NA,NA,NA,"58528",NA
"709","Melilla","1995",NA,NA,NA,NA,"60450",NA
"710","Melilla","1997",NA,NA,NA,NA,"62267",NA
"711","Murcia (Región de)","1955",74695,12758,NA,NA,NA,204
"712","Murcia (Región de)","1957",77677,13595,NA,NA,NA,213
"713","Murcia (Región de)","1959",81306,14537,NA,NA,NA,226
"714","Murcia (Región de)","1961",86528,15801,NA,NA,NA,258
"715","Murcia (Región de)","1963",94091,17269,NA,NA,NA,286
"716","Murcia (Región de)","1965",96811,16958,NA,NA,NA,313
"717","Murcia (Región de)","1967",102770,17975,NA,NA,NA,295
"718","Murcia (Región de)","1969",110657,19375,66986.2831858407,NA,"830367",267
"719","Murcia (Región de)","1971",117771,20105,77503.3663366337,NA,"832005",254
"720","Murcia (Región de)","1973",124912,21874,94374.0303541315,NA,"857760",243
"721","Murcia (Región de)","1975",128995,21472,100431.631382316,NA,"883768",206
"722","Murcia (Región de)","1977",133060,21407,108805.545617174,NA,"908323",187
"723","Murcia (Región de)","1979",136217,20958,NA,NA,"932091",165
"724","Murcia (Región de)","1981",139084,21172,NA,104037.009690817,"953886",147
"725","Murcia (Región de)","1983",144577,21317,NA,107478.168264111,"976972",125
"726","Murcia (Región de)","1985",149442,21249,NA,113312.398609502,"996384",129
"727","Murcia (Región de)","1987",159906,21956,NA,130114.478619655,"1013739",128
"728","Murcia (Región de)","1989",167336,22923,NA,149388.121484814,"1030440",128
"729","Murcia (Región de)","1991",174181,23794,NA,158345.83168708,"1044764",126
"730","Murcia (Región de)","1993",179097,24459,NA,158899.127337489,"1072937",121
"731","Murcia (Región de)","1995",333909,NA,NA,169437.83520234,"1100679",NA
"732","Murcia (Región de)","1997",364547,NA,NA,179359.489051095,"1128146",NA
"733","Navarra (C. Foral de)","1955",44871,7233,NA,NA,NA,240
"734","Navarra (C. Foral de)","1957",47523,7877,NA,NA,NA,246
"735","Navarra (C. Foral de)","1959",49754,8278,NA,NA,NA,251
"736","Navarra (C. Foral de)","1961",51960,8830,NA,NA,NA,260
"737","Navarra (C. Foral de)","1963",54075,9309,NA,NA,NA,268
"738","Navarra (C. Foral de)","1965",57719,9847,NA,NA,NA,283
"739","Navarra (C. Foral de)","1967",59818,10166,NA,NA,NA,270
"740","Navarra (C. Foral de)","1969",62838,10568,51734.0707964602,NA,"458607",241
"741","Navarra (C. Foral de)","1971",63977,10776,59301.3861386139,NA,"466593",220
"742","Navarra (C. Foral de)","1973",66028,11364,71204.7217537943,NA,"476088",186
"743","Navarra (C. Foral de)","1975",67610,11601,76118.5554171856,NA,"485040",143
"744","Navarra (C. Foral de)","1977",69116,11859,81021.4669051878,NA,"494252",112
"745","Navarra (C. Foral de)","1979",72431,12078,NA,NA,"502472",86
"746","Navarra (C. Foral de)","1981",74844,12180,NA,74145.5468389478,"508756",79
"747","Navarra (C. Foral de)","1983",79955,12639,NA,76407.4547390841,"513275",64
"748","Navarra (C. Foral de)","1985",82898,12906,NA,81081.5179606025,"516322",62
"749","Navarra (C. Foral de)","1987",87020,13466,NA,90321.0802700675,"518071",58
"750","Navarra (C. Foral de)","1989",92495,13961,NA,103031.136107987,"519251",57
"751","Navarra (C. Foral de)","1991",96376,14835,NA,110916.436191229,"519500",50
"752","Navarra (C. Foral de)","1993",97536,13956,NA,106348.851291184,"525349",39
"753","Navarra (C. Foral de)","1995",197358,NA,NA,118133.885909313,"531732",NA
"754","Navarra (C. Foral de)","1997",208557,NA,NA,124918.613138686,"538100",NA
"755","Ourense","1955",29291,4305,NA,NA,NA,10
"756","Ourense","1957",30586,4994,NA,NA,NA,10
"757","Ourense","1959",32253,5607,NA,NA,NA,11
"758","Ourense","1961",33975,6129,NA,NA,NA,12
"759","Ourense","1963",36393,6898,NA,NA,NA,12
"760","Ourense","1965",37936,7030,NA,NA,NA,15
"761","Ourense","1967",39241,7346,NA,NA,NA,21
"762","Ourense","1969",40697,7559,25445.5752212389,NA,"449485",29
"763","Ourense","1971",42348,7877,28082.3762376238,NA,"441255",34
"764","Ourense","1973",44844,9148,34627.9932546374,NA,"438274",37
"765","Ourense","1975",44740,8065,35536.7372353674,NA,"435651",39
"766","Ourense","1977",46127,8317,37200,NA,"433242",42
"767","Ourense","1979",47417,8530,NA,NA,"431345",48
"768","Ourense","1981",47550,8233,NA,33693.3087217351,"430061",50
"769","Ourense","1983",49774,7703,NA,34640.8945686901,"417653",52
"770","Ourense","1985",51097,7588,NA,34778.6210892236,"403204",51
"771","Ourense","1987",54031,7390,NA,39408.7021755439,"387737",45
"772","Ourense","1989",56762,7464,NA,45121.214848144,"371877",42
"773","Ourense","1991",58726,7920,NA,48035.2034768866,"355065",39
"774","Ourense","1993",57948,7478,NA,47413.463935886,"351817",28
"775","Ourense","1995",129005,NA,NA,49147.8303266699,"349605",NA
"776","Ourense","1997",130994,NA,NA,51141.4233576642,"346490",NA
"777","Palencia","1955",20175,3504,NA,NA,NA,41
"778","Palencia","1957",20658,3714,NA,NA,NA,47
"779","Palencia","1959",21415,3806,NA,NA,NA,52
"780","Palencia","1961",22105,4035,NA,NA,NA,56
"781","Palencia","1963",23036,4241,NA,NA,NA,60
"782","Palencia","1965",23753,4364,NA,NA,NA,54
"783","Palencia","1967",24286,4550,NA,NA,NA,51
"784","Palencia","1969",24781,4944,17767.6991150442,NA,"207230",46
"785","Palencia","1971",25276,5068,18849.5049504951,NA,"201530",41
"786","Palencia","1973",25524,4888,21263.0691399663,NA,"198996",38
"787","Palencia","1975",26155,4790,22584.0597758406,NA,"196167",33
"788","Palencia","1977",26763,4871,25323.9713774598,NA,"193348",24
"789","Palencia","1979",27853,4754,NA,NA,"190788",18
"790","Palencia","1981",27395,4512,NA,24009.6908167974,"188711",14
"791","Palencia","1983",27893,4628,NA,24797.2310969116,"188767",12
"792","Palencia","1985",28565,4635,NA,24837.6013904983,"188809",12
"793","Palencia","1987",29424,4606,NA,27196.3990997749,"188198",12
"794","Palencia","1989",30589,4769,NA,28996.4004499438,"187171",12
"795","Palencia","1991",31832,5161,NA,30744.9624654287,"185627",10
"796","Palencia","1993",31980,5025,NA,31248.8334817453,"183939",8
"797","Palencia","1995",59564,NA,NA,31250.4144319844,"182018",NA
"798","Palencia","1997",62279,NA,NA,32620.802919708,"179970",NA
"799","Pontevedra","1955",63618,13169,NA,NA,NA,131
"800","Pontevedra","1957",66769,14670,NA,NA,NA,139
"801","Pontevedra","1959",69078,16172,NA,NA,NA,154
"802","Pontevedra","1961",73877,17381,NA,NA,NA,160
"803","Pontevedra","1963",79428,18438,NA,NA,NA,166
"804","Pontevedra","1965",84796,19471,NA,NA,NA,175
"805","Pontevedra","1967",91370,21493,NA,NA,NA,163
"806","Pontevedra","1969",96413,23814,61610.1769911504,NA,"773578",146
"807","Pontevedra","1971",102586,26668,73297.4257425743,NA,"781297",135
"808","Pontevedra","1973",106851,27356,89338.2799325464,NA,"799801",130
"809","Pontevedra","1975",112067,27252,98191.5317559153,NA,"819106",128
"810","Pontevedra","1977",119290,27263,108162.611806798,NA,"840857",118
"811","Pontevedra","1979",123437,27379,NA,NA,"862396",114
"812","Pontevedra","1981",122395,24803,NA,102740.101522843,"881607",108
"813","Pontevedra","1983",124985,25085,NA,101482.854100106,"891064",102
"814","Pontevedra","1985",128747,25745,NA,104686.616454229,"895950",100
"815","Pontevedra","1987",137137,26701,NA,118264.96624156,"897985",89
"816","Pontevedra","1989",143308,27184,NA,135807.739032621,"898781",83
"817","Pontevedra","1991",151133,27784,NA,144619.913077835,"897356",79
"818","Pontevedra","1993",151686,27756,NA,142206.090828139,"899877",52
"819","Pontevedra","1995",309579,NA,NA,144515.06582155,"901708",NA
"820","Pontevedra","1997",321635,NA,NA,150939.416058394,"901947",NA
"821","Rioja (La)","1955",23832,2733,NA,NA,NA,79
"822","Rioja (La)","1957",24873,3072,NA,NA,NA,81
"823","Rioja (La)","1959",25772,3413,NA,NA,NA,83
"824","Rioja (La)","1961",26864,3785,NA,NA,NA,85
"825","Rioja (La)","1963",27972,3892,NA,NA,NA,84
"826","Rioja (La)","1965",28865,4055,NA,NA,NA,79
"827","Rioja (La)","1967",30060,4305,NA,NA,NA,73
"828","Rioja (La)","1969",30958,4362,25596.9026548673,NA,"234879",62
"829","Rioja (La)","1971",31780,4463,28375.8415841584,NA,"234620",55
"830","Rioja (La)","1973",32677,4786,33345.0252951096,NA,"238226",51
"831","Rioja (La)","1975",33497,4862,34742.4657534247,NA,"241862",46
"832","Rioja (La)","1977",34572,5143,37532.7370304115,NA,"246214",38
"833","Rioja (La)","1979",35818,5230,NA,NA,"250223",31
"834","Rioja (La)","1981",37158,5213,NA,37173.1425934472,"254110",20
"835","Rioja (La)","1983",38902,5337,NA,38486.4749733759,"257157",13
"836","Rioja (La)","1985",40193,5535,NA,39294.785631518,"259632",13
"837","Rioja (La)","1987",42359,5552,NA,43679.8199549887,"261183",12
"838","Rioja (La)","1989",44184,5743,NA,49895.8380202475,"262429",12
"839","Rioja (La)","1991",46927,5911,NA,54005.2153299091,"263376",12
"840","Rioja (La)","1993",48686,6227,NA,53604.8441674087,"265665",12
"841","Rioja (La)","1995",101728,NA,NA,58205.7532910775,"268055",NA
"842","Rioja (La)","1997",108248,NA,NA,61372.8102189781,"270184",NA
"843","Salamanca","1955",35449,5031,NA,NA,NA,153
"844","Salamanca","1957",37053,5631,NA,NA,NA,161
"845","Salamanca","1959",38549,6513,NA,NA,NA,165
"846","Salamanca","1961",39626,6946,NA,NA,NA,170
"847","Salamanca","1963",42008,7386,NA,NA,NA,177
"848","Salamanca","1965",43304,7820,NA,NA,NA,201
"849","Salamanca","1967",45477,8354,NA,NA,NA,192
"850","Salamanca","1969",48188,9011,29885.8407079646,NA,"386564",173
"851","Salamanca","1971",49522,9863,32651.8811881188,NA,"380134",159
"852","Salamanca","1973",49819,9731,36447.2175379427,NA,"377954",128
"853","Salamanca","1975",51516,9428,37572.8518057285,NA,"375155",103
"854","Salamanca","1977",54185,9667,39903.2200357782,NA,"371907",72
"855","Salamanca","1979",56696,9386,NA,NA,"368561",59
"856","Salamanca","1981",56047,9232,NA,37203.3225657591,"364711",48
"857","Salamanca","1983",56527,9224,NA,37502.875399361,"365512",42
"858","Salamanca","1985",57240,9343,NA,38550.8690614137,"365112",40
"859","Salamanca","1987",59520,9430,NA,43902.3255813953,"363824",38
"860","Salamanca","1989",63934,10011,NA,50441.5748031496,"361601",36
"861","Salamanca","1991",66964,10305,NA,55095.8119320427,"358170",36
"862","Salamanca","1993",68797,10295,NA,56767.1593944791,"356520",35
"863","Salamanca","1995",111679,NA,NA,58884.9341784495,"354644",NA
"864","Salamanca","1997",115570,NA,NA,61880.3832116788,"352106",NA
"865","Segovia","1955",17811,2497,NA,NA,NA,18
"866","Segovia","1957",18602,2689,NA,NA,NA,20
"867","Segovia","1959",19169,2838,NA,NA,NA,21
"868","Segovia","1961",19697,3046,NA,NA,NA,23
"869","Segovia","1963",21421,3422,NA,NA,NA,24
"870","Segovia","1965",21968,3770,NA,NA,NA,29
"871","Segovia","1967",22091,3958,NA,NA,NA,31
"872","Segovia","1969",22514,4157,13957.9646017699,NA,"168072",33
"873","Segovia","1971",22592,4289,15192.4752475248,NA,"162105",35
"874","Segovia","1973",22629,4347,17634.7386172007,NA,"159985",36
"875","Segovia","1975",22330,4306,18350.4358655044,NA,"157590",38
"876","Segovia","1977",22665,4363,19020.7513416816,NA,"155321",38
"877","Segovia","1979",22759,4221,NA,NA,"152664",39
"878","Segovia","1981",22481,4208,NA,16730.2261190586,"149647",40
"879","Segovia","1983",22922,4401,NA,17006.1767838126,"149513",40
"880","Segovia","1985",24190,4620,NA,17374.2757821553,"149450",40
"881","Segovia","1987",26021,4831,NA,19389.4973743436,"149096",35
"882","Segovia","1989",27188,5132,NA,21485.8042744657,"148283",30
"883","Segovia","1991",29580,5280,NA,23406.6376926116,"147304",28
"884","Segovia","1993",30543,5405,NA,23759.0382902939,"147495",26
"885","Segovia","1995",53496,NA,NA,25016.5772793759,"147637",NA
"886","Segovia","1997",56720,NA,NA,26090.602189781,"147751",NA
"887","Sevilla","1955",135035,26227,NA,NA,NA,889
"888","Sevilla","1957",141930,28496,NA,NA,NA,911
"889","Sevilla","1959",147825,30807,NA,NA,NA,924
"890","Sevilla","1961",156284,34756,NA,NA,NA,932
"891","Sevilla","1963",163010,35681,NA,NA,NA,956
"892","Sevilla","1965",168698,35165,NA,NA,NA,1128
"893","Sevilla","1967",180076,35660,NA,NA,NA,918
"894","Sevilla","1969",187771,35917,106007.522123894,NA,"1326727",815
"895","Sevilla","1971",193701,36538,122729.108910891,NA,"1336672",726
"896","Sevilla","1973",204867,37740,146125.801011804,NA,"1366597",641
"897","Sevilla","1975",212974,37217,151740.224159402,NA,"1396786",513
"898","Sevilla","1977",219131,36975,162821.109123435,NA,"1426148",469
"899","Sevilla","1979",223281,35599,NA,NA,"1454501",432
"900","Sevilla","1981",224888,32632,NA,151097.277341947,"1476330",368
"901","Sevilla","1983",231635,34463,NA,150309.904153355,"1512505",318
"902","Sevilla","1985",237145,35445,NA,153572.01622248,"1545159",313
"903","Sevilla","1987",254265,37043,NA,172872.918229557,"1572602",274
"904","Sevilla","1989",270130,40197,NA,199525.44431946,"1597187",261
"905","Sevilla","1991",281179,41776,NA,220975.661793757,"1618604",248
"906","Sevilla","1993",282825,41251,NA,217875.761353517,"1642403",229
"907","Sevilla","1995",428310,NA,NA,210399.609946368,"1665023",NA
"908","Sevilla","1997",452309,NA,NA,220243.248175182,"1683309",NA
"909","Soria","1955",13156,2562,NA,NA,NA,8
"910","Soria","1957",13765,2975,NA,NA,NA,8
"911","Soria","1959",14406,3243,NA,NA,NA,9
"912","Soria","1961",15047,3390,NA,NA,NA,9
"913","Soria","1963",15665,3337,NA,NA,NA,10
"914","Soria","1965",15924,3158,NA,NA,NA,10
"915","Soria","1967",15715,3067,NA,NA,NA,10
"916","Soria","1969",15679,2984,9866.81415929204,NA,"122546",11
"917","Soria","1971",15771,3026,10314.0594059406,NA,"117462",12
"918","Soria","1973",15887,3045,11741.9898819562,NA,"114322",12
"919","Soria","1975",15803,3028,11912.5778331258,NA,"110985",13
"920","Soria","1977",15529,3032,12077.2808586762,NA,"107714",14
"921","Soria","1979",15231,2827,NA,NA,"104487",15
"922","Soria","1981",15031,2779,NA,10328.1956622058,"101074",16
"923","Soria","1983",15304,2846,NA,10870.2875399361,"99889",16
"924","Soria","1985",15649,2787,NA,11159.9652375435,"98818",16
"925","Soria","1987",16172,2921,NA,12293.1732933233,"97587",15
"926","Soria","1989",17163,2985,NA,13707.9415073116,"96199",14
"927","Soria","1991",17973,3156,NA,14192.0979849862,"94703",12
"928","Soria","1993",18325,3078,NA,15385.5387355298,"93925",10
"929","Soria","1995",34853,NA,NA,16087.0794734276,"93289",NA
"930","Soria","1997",35851,NA,NA,18103.0109489051,"92502",NA
"931","Sta. Cruz de Tenerife","1955",48660,11379,NA,NA,NA,27
"932","Sta. Cruz de Tenerife","1957",51389,12493,NA,NA,NA,30
"933","Sta. Cruz de Tenerife","1959",54833,13698,NA,NA,NA,32
"934","Sta. Cruz de Tenerife","1961",58465,15953,NA,NA,NA,34
"935","Sta. Cruz de Tenerife","1963",64490,18289,NA,NA,NA,31
"936","Sta. Cruz de Tenerife","1965",70512,20592,NA,NA,NA,38
"937","Sta. Cruz de Tenerife","1967",80318,25749,NA,NA,NA,43
"938","Sta. Cruz de Tenerife","1969",87966,28367,43604.8672566372,NA,"567285",51
"939","Sta. Cruz de Tenerife","1971",98738,30669,54569.1089108911,NA,"576454",58
"940","Sta. Cruz de Tenerife","1973",108538,34574,66875.2107925801,NA,"593164",69
"941","Sta. Cruz de Tenerife","1975",114257,35750,70253.798256538,NA,"611446",94
"942","Sta. Cruz de Tenerife","1977",121670,36096,79766.7262969589,NA,"628077",126
"943","Sta. Cruz de Tenerife","1979",128971,35955,NA,NA,"643154",169
"944","Sta. Cruz de Tenerife","1981",133635,36672,NA,81670.0507614213,"657688",226
"945","Sta. Cruz de Tenerife","1983",137645,36244,NA,83060.2768903088,"674283",278
"946","Sta. Cruz de Tenerife","1985",145238,37813,NA,86485.3418308227,"688713",325
"947","Sta. Cruz de Tenerife","1987",159405,42884,NA,102881.320330083,"701449",318
"948","Sta. Cruz de Tenerife","1989",167902,44613,NA,117309.516310461,"713471",312
"949","Sta. Cruz de Tenerife","1991",177191,46157,NA,124672.461477677,"725139",310
"950","Sta. Cruz de Tenerife","1993",177085,45019,NA,126378.379341051,"741159",304
"951","Sta. Cruz de Tenerife","1995",252936,NA,NA,136255.680156021,"756675",NA
"952","Sta. Cruz de Tenerife","1997",271496,NA,NA,146379.562043796,"771482",NA
"953","Tarragona","1955",45962,11054,NA,NA,NA,102
"954","Tarragona","1957",47830,11755,NA,NA,NA,105
"955","Tarragona","1959",49566,12485,NA,NA,NA,108
"956","Tarragona","1961",51809,13233,NA,NA,NA,111
"957","Tarragona","1963",53629,13357,NA,NA,NA,120
"958","Tarragona","1965",55776,13689,NA,NA,NA,134
"959","Tarragona","1967",58336,13832,NA,NA,NA,141
"960","Tarragona","1969",60836,14009,50459.7345132743,NA,"423286",146
"961","Tarragona","1971",63356,14065,56491.4851485149,NA,"433095",153
"962","Tarragona","1973",67443,14291,70107.9258010118,NA,"447187",158
"963","Tarragona","1975",71139,14617,83486.6749688668,NA,"462628",164
"964","Tarragona","1977",74571,15546,89562.0751341682,NA,"479301",169
"965","Tarragona","1979",78606,16147,NA,NA,"496318",171
"966","Tarragona","1981",81631,17199,NA,86580.5260729119,"511662",178
"967","Tarragona","1983",84427,18031,NA,90149.5207667732,"520958",182
"968","Tarragona","1985",88607,18517,NA,90080.1274623407,"527427",187
"969","Tarragona","1987",93801,19259,NA,102079.369842461,"533004",167
"970","Tarragona","1989",99655,20710,NA,116269.336332958,"538090",160
"971","Tarragona","1991",102877,21528,NA,122325.681548795,"541736",156
"972","Tarragona","1993",103865,21011,NA,118323.526268923,"553700",129
"973","Tarragona","1995",200407,NA,NA,131814.041930765,"565930",NA
"974","Tarragona","1997",207282,NA,NA,138381.569343066,"578122",NA
"975","Teruel","1955",16557,2695,NA,NA,NA,17
"976","Teruel","1957",17093,3049,NA,NA,NA,18
"977","Teruel","1959",17448,3357,NA,NA,NA,18
"978","Teruel","1961",17862,3551,NA,NA,NA,19
"979","Teruel","1963",18293,3583,NA,NA,NA,19
"980","Teruel","1965",18375,3440,NA,NA,NA,21
"981","Teruel","1967",18586,3215,NA,NA,NA,20
"982","Teruel","1969",18678,3157,14883.185840708,NA,"181163",19
"983","Teruel","1971",18597,3046,14796.8316831683,NA,"173860",17
"984","Teruel","1973",18863,3298,17126.8128161889,NA,"169947",16
"985","Teruel","1975",19055,3301,18059.7758405978,NA,"166039",15
"986","Teruel","1977",19004,3362,19630.9481216458,NA,"161743",14
"987","Teruel","1979",19118,3311,NA,NA,"157731",13
"988","Teruel","1981",18883,3217,NA,18042.3627134287,"153863",12
"989","Teruel","1983",18741,3337,NA,18485.6230031949,"152200",11
"990","Teruel","1985",19486,3547,NA,18412.8041714948,"150248",11
"991","Teruel","1987",20332,3652,NA,21226.5566391598,"148232",10
"992","Teruel","1989",20995,3891,NA,24860.3824521935,"146232",8
"993","Teruel","1991",22830,4196,NA,26019.2809166337,"143963",8
"994","Teruel","1993",22736,4009,NA,24604.8085485307,"142617",7
"995","Teruel","1995",49144,NA,NA,25563.7250121892,"141317",NA
"996","Teruel","1997",54221,NA,NA,26785.7664233577,"139756",NA
"997","Toledo","1955",37590,6822,NA,NA,NA,25
"998","Toledo","1957",39577,7366,NA,NA,NA,27
"999","Toledo","1959",41534,7944,NA,NA,NA,28
"1000","Toledo","1961",43195,8302,NA,NA,NA,29
"1001","Toledo","1963",45271,8181,NA,NA,NA,28
"1002","Toledo","1965",46533,7992,NA,NA,NA,26
"1003","Toledo","1967",47574,7960,NA,NA,NA,28
"1004","Toledo","1969",50418,8303,35932.3008849558,NA,"487186",31
"1005","Toledo","1971",52347,8723,41476.0396039604,NA,"477717",33
"1006","Toledo","1973",53530,9307,51946.0370994941,NA,"476782",35
"1007","Toledo","1975",55519,9311,53835.6164383562,NA,"475833",37
"1008","Toledo","1977",57321,9319,56824.5080500894,NA,"475632",39
"1009","Toledo","1979",59612,9176,NA,NA,"475362",40
"1010","Toledo","1981",60793,9188,NA,51883.2487309645,"474848",42
"1011","Toledo","1983",62750,9341,NA,52258.3599574015,"479597",43
"1012","Toledo","1985",64655,9576,NA,52811.9930475087,"483040",41
"1013","Toledo","1987",69014,9915,NA,59534.8837209302,"485631",35
"1014","Toledo","1989",72873,10527,NA,69735.6580427446,"487879",34
"1015","Toledo","1991",76282,11124,NA,74643.3425523508,"489611",32
"1016","Toledo","1993",77174,11220,NA,74129.0115761354,"498880",28
"1017","Toledo","1995",159791,NA,NA,77998.2447586543,"508604",NA
"1018","Toledo","1997",169077,NA,NA,81666.605839416,"517674",NA
"1019","Valencia","1955",197976,37543,NA,NA,NA,3412
"1020","Valencia","1957",206222,40114,NA,NA,NA,3821
"1021","Valencia","1959",224585,46317,NA,NA,NA,4136
"1022","Valencia","1961",235376,49436,NA,NA,NA,4421
"1023","Valencia","1963",249808,53603,NA,NA,NA,4738
"1024","Valencia","1965",256805,52859,NA,NA,NA,4930
"1025","Valencia","1967",265323,52216,NA,NA,NA,4339
"1026","Valencia","1969",275854,52216,177066.371681416,NA,"1720996",3628
"1027","Valencia","1971",291037,53525,204882.772277228,NA,"1769506",3204
"1028","Valencia","1973",306566,57549,251420.23608769,NA,"1825883",2861
"1029","Valencia","1975",312433,56199,270125.529265255,NA,"1884892",2226
"1030","Valencia","1977",325886,56548,298274.597495528,NA,"1947566",1751
"1031","Valencia","1979",341262,56863,NA,NA,"2009219",1229
"1032","Valencia","1981",348303,55410,NA,285019.658514075,"2062001",842
"1033","Valencia","1983",362612,56412,NA,288270.074547391,"2087290",628
"1034","Valencia","1985",374846,56759,NA,295272.4797219,"2102348",496
"1035","Valencia","1987",395276,57490,NA,339988.297074269,"2111665",447
"1036","Valencia","1989",417078,59194,NA,389657.27784027,"2116373",429
"1037","Valencia","1991",437138,60867,NA,414701.224812327,"2118350",334
"1038","Valencia","1993",436460,58337,NA,401637.221727516,"2136846",301
"1039","Valencia","1995",735757,NA,NA,425811.409068747,"2155111",NA
"1040","Valencia","1997",786619,NA,NA,448139.96350365,"2171646",NA
"1041","Valladolid","1955",45113,9553,NA,NA,NA,341
"1042","Valladolid","1957",46977,10198,NA,NA,NA,348
"1043","Valladolid","1959",48950,10842,NA,NA,NA,359
"1044","Valladolid","1961",50673,11536,NA,NA,NA,362
"1045","Valladolid","1963",53453,12291,NA,NA,NA,350
"1046","Valladolid","1965",55511,12231,NA,NA,NA,313
"1047","Valladolid","1967",57435,11869,NA,NA,NA,220
"1048","Valladolid","1969",59242,11901,42589.3805309735,NA,"407174",186
"1049","Valladolid","1971",61533,12214,48769.900990099,NA,"413024",159
"1050","Valladolid","1973",64251,12567,60743.676222597,NA,"425961",138
"1051","Valladolid","1975",66170,12192,66039.601494396,NA,"439882",115
"1052","Valladolid","1977",68897,12637,71790.6976744186,NA,"454056",92
"1053","Valladolid","1979",72118,12927,NA,NA,"468054",83
"1054","Valladolid","1981",73114,12023,NA,67227.9649284725,"480928",74
"1055","Valladolid","1983",75540,12072,NA,65172.9499467519,"487630",69
"1056","Valladolid","1985",79237,12335,NA,67190.2665121669,"491665",68
"1057","Valladolid","1987",83585,12785,NA,76817.5543885971,"493973",59
"1058","Valladolid","1989",89003,13867,NA,85346.8616422947,"494784",54
"1059","Valladolid","1991",92515,14350,NA,89628.4077439747,"494418",53
"1060","Valladolid","1993",94953,14594,NA,87923.9893143366,"495570",45
"1061","Valladolid","1995",165247,NA,NA,91379.0346172599,"496617",NA
"1062","Valladolid","1997",174567,NA,NA,95517.1532846715,"497004",NA
"1063","Vizcaya","1955",112347,27532,NA,NA,NA,1551
"1064","Vizcaya","1957",118042,28550,NA,NA,NA,1692
"1065","Vizcaya","1959",122978,29160,NA,NA,NA,1759
"1066","Vizcaya","1961",130593,30436,NA,NA,NA,1867
"1067","Vizcaya","1963",137564,33915,NA,NA,NA,1998
"1068","Vizcaya","1965",144649,35203,NA,NA,NA,2134
"1069","Vizcaya","1967",153154,36063,NA,NA,NA,1715
"1070","Vizcaya","1969",162669,37904,138992.920353982,NA,"994888",1621
"1071","Vizcaya","1971",166466,36429,153091.485148515,NA,"1041457",1433
"1072","Vizcaya","1973",173993,35451,183674.873524452,NA,"1076264",1028
"1073","Vizcaya","1975",177595,35012,199619.178082192,NA,"1109456",836
"1074","Vizcaya","1977",178552,32913,201470.125223614,NA,"1141642",665
"1075","Vizcaya","1979",178911,32236,NA,NA,"1169117",438
"1076","Vizcaya","1981",178328,32893,NA,171163.359483156,"1188045",369
"1077","Vizcaya","1983",181190,32725,NA,168464.323748669,"1190585",293
"1078","Vizcaya","1985",188030,32612,NA,176576.767091541,"1187228",269
"1079","Vizcaya","1987",198657,33458,NA,196841.560390098,"1180058",238
"1080","Vizcaya","1989",205596,34247,NA,218410.528683914,"1170136",232
"1081","Vizcaya","1991",211736,35064,NA,229130.304227578,"1156662",229
"1082","Vizcaya","1993",209249,33405,NA,221997.114870882,"1150916",168
"1083","Vizcaya","1995",345222,NA,NA,230179.132130668,"1144857",NA
"1084","Vizcaya","1997",368781,NA,NA,244483.667883212,"1137442",NA
"1085","Zamora","1955",23430,3888,NA,NA,NA,22
"1086","Zamora","1957",24950,4247,NA,NA,NA,22
"1087","Zamora","1959",25837,4802,NA,NA,NA,23
"1088","Zamora","1961",26575,5314,NA,NA,NA,25
"1089","Zamora","1963",27383,5386,NA,NA,NA,24
"1090","Zamora","1965",27808,5396,NA,NA,NA,21
"1091","Zamora","1967",28282,5376,NA,NA,NA,19
"1092","Zamora","1969",28521,5058,17766.3716814159,NA,"266431",17
"1093","Zamora","1971",28828,5000,18906.5346534653,NA,"258528",15
"1094","Zamora","1973",29821,5682,21528.1618887015,NA,"253305",13
"1095","Zamora","1975",30224,5531,21505.1058530511,NA,"247397",12
"1096","Zamora","1977",30239,5320,22488.7298747764,NA,"241210",12
"1097","Zamora","1979",30508,4999,NA,NA,"234893",11
"1098","Zamora","1981",29878,4616,NA,19475.7729580065,"228569",11
"1099","Zamora","1983",29515,4351,NA,20239.190628328,"226237",11
"1100","Zamora","1985",30264,4376,NA,21037.7172653534,"223767",11
"1101","Zamora","1987",31399,4471,NA,23498.2745686422,"220866",10
"1102","Zamora","1989",32392,4674,NA,26533.9032620922,"217813",9
"1103","Zamora","1991",34167,4941,NA,27258.3958909522,"214107",9
"1104","Zamora","1993",34950,4868,NA,28040.8904719501,"211568",9
"1105","Zamora","1995",62826,NA,NA,28606.5333983423,"209046",NA
"1106","Zamora","1997",64438,NA,NA,29879.7445255474,"206283",NA
"1107","Zaragoza","1955",84591,15114,NA,NA,NA,1034
"1108","Zaragoza","1957",88692,16526,NA,NA,NA,1113
"1109","Zaragoza","1959",92859,18165,NA,NA,NA,1201
"1110","Zaragoza","1961",98073,20765,NA,NA,NA,1265
"1111","Zaragoza","1963",102289,21556,NA,NA,NA,1338
"1112","Zaragoza","1965",106236,21706,NA,NA,NA,1462
"1113","Zaragoza","1967",109886,22048,NA,NA,NA,1128
"1114","Zaragoza","1969",113223,22195,77919.0265486726,NA,"741162",965
"1115","Zaragoza","1971",116714,22308,85789.3069306931,NA,"757432",703
"1116","Zaragoza","1973",124476,22492,103949.747048904,NA,"772988",701
"1117","Zaragoza","1975",126995,21736,109720.049813201,NA,"788371",628
"1118","Zaragoza","1977",133250,22543,120050.447227191,NA,"803821",439
"1119","Zaragoza","1979",139743,22960,NA,NA,"817169",332
"1120","Zaragoza","1981",142635,23721,NA,118460.82141209,"827907",256
"1121","Zaragoza","1983",145719,24867,NA,121861.55484558,"834870",195
"1122","Zaragoza","1985",150185,25801,NA,124857.358053302,"838371",164
"1123","Zaragoza","1987",159975,28158,NA,141405.851462866,"839581",152
"1124","Zaragoza","1989",165330,28231,NA,160464.836895388,"839807",148
"1125","Zaragoza","1991",171920,28909,NA,170546.384828131,"837747",143
"1126","Zaragoza","1993",172244,28175,NA,165572.644701692,"842353",129
"1127","Zaragoza","1995",304810,NA,NA,176352.315943442,"846910",NA
"1128","Zaragoza","1997",324356,NA,NA,184944.160583942,"851017",NA
"1129",NA,"1969",NA,NA,NA,NA,"33440730",NA
