"","Localidad","year","empresas","telefonos","bancos","ind_turismo"
"2","ABANTO CIERVANA/ABANTO ZIERBENA",1965,0,35.8620689655172,1,-0.6
"3","ABANTO CIERVANA/ABANTO ZIERBENA",1967,0,19.2893401015228,0,0.5
"4","ABANTO CIERVANA/ABANTO ZIERBENA",1969,0,18.2978723404255,0,-1.2
"5","ABANTO CIERVANA/ABANTO ZIERBENA",1971,0,40.6474820143885,0,-0.3
"6","ABANTO CIERVANA/ABANTO ZIERBENA",1973,0,99.23273657289,0,-0.1
"7","ABANTO CIERVANA/ABANTO ZIERBENA",1975,0,32.9910141206675,0,0.5
"8","ABANTO CIERVANA/ABANTO ZIERBENA",1977,0,-42.8571428571429,0,0.1
"9","ABANTO CIERVANA/ABANTO ZIERBENA",1979,2,252.871621621622,0,1.7
"10","ABANTO CIERVANA/ABANTO ZIERBENA",1981,-1,15.9885112494016,0,0.1
"11","ABANTO CIERVANA/ABANTO ZIERBENA",1983,1,-19.6037969459348,1,-2.2
"12","ABANTO CIERVANA/ABANTO ZIERBENA",1985,1,-4.05544147843943,-1,-0.7
"13","ABANTO CIERVANA/ABANTO ZIERBENA",1987,7,16.1048689138577,0,0.7
"14","ABANTO CIERVANA/ABANTO ZIERBENA",1989,0,36.5898617511521,0,-0.7
"15","ABANTO CIERVANA/ABANTO ZIERBENA",1991,-2,8.50202429149798,0,1
"17","ALCOY/ALCOI",1965,0,20.0693842150911,-1,-5.3
"18","ALCOY/ALCOI",1967,-2,16.9748627564288,1,-10.2
"19","ALCOY/ALCOI",1969,0,24.5893540817587,0,46.7
"20","ALCOY/ALCOI",1971,-2,4.40126883425853,0,-69.7
"21","ALCOY/ALCOI",1973,1,19.3505507026206,4,28.6
"22","ALCOY/ALCOI",1975,2,24.3675417661098,7,6.6
"23","ALCOY/ALCOI",1977,11,10.1516023795817,4,6.6
"24","ALCOY/ALCOI",1979,4,30.267131242741,2,-1.9
"25","ALCOY/ALCOI",1981,-16,18.9461483594864,2,-7.4
"26","ALCOY/ALCOI",1983,17,2.1587587137396,7,4.8
"27","ALCOY/ALCOI",1985,25,-0.326509648543547,1,-2.9
"28","ALCOY/ALCOI",1987,7,-4.65604181235967,-2,-5.3
"29","ALCOY/ALCOI",1989,-1,0.899474984558369,0,-2.3
"30","ALCOY/ALCOI",1991,-6,0.229559628113402,1,0
"32","ALICANTE/ALACANT",1965,-1,40.3116934683343,4,-34.3000000000001
"33","ALICANTE/ALACANT",1967,6,22.9536611248673,2,-86.6999999999999
"34","ALICANTE/ALACANT",1969,1,27.6446387985845,4,-92.9000000000001
"35","ALICANTE/ALACANT",1971,-5,18.7657771366751,1,107.5
"36","ALICANTE/ALACANT",1973,2,25.7145025999165,7,275
"37","ALICANTE/ALACANT",1975,8,18.3276976028018,21,234.6
"38","ALICANTE/ALACANT",1977,11,6.32263825987115,21,240.9
"39","ALICANTE/ALACANT",1979,8,34.8459941685365,15,-180.3
"40","ALICANTE/ALACANT",1981,-27,14.6019825238917,11,-244.5
"41","ALICANTE/ALACANT",1983,81,2.7183365426424,10,-38.5
"42","ALICANTE/ALACANT",1985,24,3.67441965939241,4,-77.5
"43","ALICANTE/ALACANT",1987,52,1.93359289557723,9,-104.2
"44","ALICANTE/ALACANT",1989,73,-5.62207630573795,-1,-21.3
"45","ALICANTE/ALACANT",1991,-37,6.47689206190411,2,20
"47","ALTEA",1965,1,59.8445595854922,0,17.4
"48","ALTEA",1967,2,19.935170178282,1,-0.5
"49","ALTEA",1969,-1,18.9189189189189,0,-20.9
"50","ALTEA",1971,-2,25.3409090909091,0,-9
"51","ALTEA",1973,0,39.7098821396192,0,-2.9
"52","ALTEA",1975,2,36.729396495782,1,-5.9
"53","ALTEA",1977,0,11.438063597532,3,82.5
"54","ALTEA",1979,-2,37.3935264054514,1,-36
"55","ALTEA",1981,1,25.077495350279,0,23.7
"56","ALTEA",1983,5,25.1301115241636,1,-1.59999999999999
"57","ALTEA",1985,2,20.2020202020202,0,-1.3
"58","ALTEA",1987,14,14.4504860767837,0,-7.8
"59","ALTEA",1989,-2,-0.662251655629139,0,26.1
"60","ALTEA",1991,-2,4.2463768115942,0,-3
"62","ALTSASU/ALSASUA",1965,-1,32.3843416370107,1,0
"63","ALTSASU/ALSASUA",1967,0,34.1397849462366,0,-3.7
"64","ALTSASU/ALSASUA",1969,1,32.064128256513,0,7.8
"65","ALTSASU/ALSASUA",1971,0,18.6646433990895,0,-4.1
"66","ALTSASU/ALSASUA",1973,-1,37.4680306905371,1,-3.1
"67","ALTSASU/ALSASUA",1975,4,55.1627906976744,2,-0.700000000000001
"68","ALTSASU/ALSASUA",1977,-3,11.9304556354916,0,-0.699999999999999
"69","ALTSASU/ALSASUA",1979,1,-15.3722549544724,2,-1.6
"70","ALTSASU/ALSASUA",1981,-1,5.69620253164557,0,-0.200000000000001
"71","ALTSASU/ALSASUA",1983,0,37.0658682634731,0,-1.3
"72","ALTSASU/ALSASUA",1985,6,-8.47531673219747,0,-1.6
"73","ALTSASU/ALSASUA",1987,-2,5.15513126491647,1,1
"74","ALTSASU/ALSASUA",1989,7,4.03994552882433,0,-1.2
"75","ALTSASU/ALSASUA",1991,-3,2.74869109947644,-1,-1
"77","ARANJUEZ",1965,0,26.3913824057451,1,7
"78","ARANJUEZ",1967,0,12.8314393939394,0,24.5
"79","ARANJUEZ",1969,0,17.4989509022241,1,2.9
"80","ARANJUEZ",1971,0,26.9285714285714,0,-15
"81","ARANJUEZ",1973,0,21.5250422059651,0,-8.09999999999999
"82","ARANJUEZ",1975,3,42.6719147950915,3,-5.2
"83","ARANJUEZ",1977,-2,14.2161635832522,1,3.5
"84","ARANJUEZ",1979,2,16.6382495026996,1,-4.3
"85","ARANJUEZ",1981,-3,45.1090266780363,0,1.4
"86","ARANJUEZ",1983,12,4.49126930826058,2,-5.2
"87","ARANJUEZ",1985,-1,7.27082831204306,2,-2.1
"88","ARANJUEZ",1987,4,4.63600958657879,0,1.7
"89","ARANJUEZ",1989,12,2.7342352014888,0,3.5
"90","ARANJUEZ",1991,0,-0.815160593604125,0,-2
"92","ARENYS DE MAR",1965,1,15.875,1,-28.1
"93","ARENYS DE MAR",1967,1,53.1823085221143,0,-22.4
"94","ARENYS DE MAR",1969,-2,11.7605633802817,0,4.89999999999999
"95","ARENYS DE MAR",1971,0,18.5255198487713,0,-4.19999999999999
"96","ARENYS DE MAR",1973,0,48.3253588516746,1,-10.3
"97","ARENYS DE MAR",1975,0,5.19713261648746,1,-18.1
"98","ARENYS DE MAR",1977,2,5.62180579216354,2,-7.8
"99","ARENYS DE MAR",1979,0,15.0322580645161,2,0.299999999999997
"100","ARENYS DE MAR",1981,-2,20.6393718452047,0,-16.5
"101","ARENYS DE MAR",1983,2,7.85681078568108,0,12.8
"102","ARENYS DE MAR",1985,3,6.44396551724138,0,-12.7
"103","ARENYS DE MAR",1987,3,6.13484511034622,0,-1.3
"104","ARENYS DE MAR",1989,7,5.95192674551698,0,9.7
"105","ARENYS DE MAR",1991,-3,1.22434281598848,0,-16
"107","ARGENTONA",1965,-1,26.7692307692308,0,-6.9
"108","ARGENTONA",1967,1,29.8543689320388,0,-7.3
"109","ARGENTONA",1969,-1,17.9439252336449,0,0.199999999999999
"110","ARGENTONA",1971,0,20.4437400950872,0,-2.5
"111","ARGENTONA",1973,0,58.9473684210526,1,-1.4
"112","ARGENTONA",1975,2,25,1,-0.299999999999999
"113","ARGENTONA",1977,-2,20.3311258278146,1,-3.1
"114","ARGENTONA",1979,5,17.2812328013209,0,0.5
"115","ARGENTONA",1981,-3,22.4777099953074,1,-0.4
"116","ARGENTONA",1983,0,19.2337164750958,0,-0.6
"117","ARGENTONA",1985,5,9.19023136246787,0,-0.7
"118","ARGENTONA",1987,-2,2.47204237786934,0,-0.4
"119","ARGENTONA",1989,2,5.62894887995405,0,1.9
"120","ARGENTONA",1991,1,1.54975530179445,0,-7
"122","AZPEITIA",1965,0,72.7386934673367,0,-8.4
"123","AZPEITIA",1967,1,13.6727272727273,0,-11.7
"124","AZPEITIA",1969,-1,13.2437619961612,0,-3.3
"125","AZPEITIA",1971,2,23.1073446327684,0,-0.199999999999999
"126","AZPEITIA",1973,-1,51.7209729233593,0,-1.7
"127","AZPEITIA",1975,2,30.2480338777979,1,-2.2
"128","AZPEITIA",1977,2,13.934045517882,0,-0.199999999999999
"129","AZPEITIA",1979,-1,-10.6400326131268,1,-1.2
"130","AZPEITIA",1981,0,18.5903284671533,0,-1.1
"131","AZPEITIA",1983,4,-7.34756683977688,0,-0.899999999999999
"132","AZPEITIA",1985,5,5.39755034253685,0,0.2
"133","AZPEITIA",1987,1,-6.34232814654323,0,0.6
"134","AZPEITIA",1989,8,5.04731861198738,1,-0.5
"135","AZPEITIA",1991,-11,3.48348348348348,1,0
"137","BADALONA",1965,-3,41.1213684496335,-1,-12.3
"138","BADALONA",1967,-1,17.8066378066378,1,1.2
"139","BADALONA",1969,3,24.7836028090805,3,-11.9
"140","BADALONA",1971,3,34.0619069432629,0,-8
"141","BADALONA",1973,-5,50.9518695694621,9,0.800000000000001
"142","BADALONA",1975,4,50.2004915276161,13,-2.9
"143","BADALONA",1977,10,17.4108680675164,9,1.6
"144","BADALONA",1979,10,40.2035390116439,8,1.3
"145","BADALONA",1981,-17,13.8595343970704,5,3.6
"146","BADALONA",1983,22,-1.09813110950297,2,-4
"147","BADALONA",1985,46,-0.598134748725334,0,-1.8
"148","BADALONA",1987,17,-0.325987895216507,0,-1.4
"149","BADALONA",1989,35,3.50733234083956,-1,-0.5
"150","BADALONA",1991,-9,0.310309290025935,-1,0
"152","BARCELONA",1965,39,14.6022236072297,12,-293.7
"153","BARCELONA",1967,12,12.2461590041675,20,-857.6
"154","BARCELONA",1969,1,15.467584046346,20,-817.799999999999
"155","BARCELONA",1971,35,13.2333301248887,13,-962.3
"156","BARCELONA",1973,-136,17.7630023562163,60,-233.4
"157","BARCELONA",1975,221,15.8483713795904,139,1015.9
"158","BARCELONA",1977,150,3.82560424004876,169,267.7
"159","BARCELONA",1979,-6,13.039299434668,135,-597.8
"160","BARCELONA",1981,-302,5.5642793802794,49,-326
"161","BARCELONA",1983,738,-4.62953868059523,117,-126.7
"162","BARCELONA",1985,434,1.45871131786625,27,-42.6999999999998
"163","BARCELONA",1987,973,-5.13343587428068,20,290.2
"164","BARCELONA",1989,-142,-6.51525553731233,59,989.5
"165","BARCELONA",1991,-153,1.81107762690043,1,-15
"167","BENIDORM",1965,0,80.9121621621622,2,13.3
"168","BENIDORM",1967,0,27.8478057889823,2,32.3999999999999
"169","BENIDORM",1969,4,51.1593938287384,0,343.6
"170","BENIDORM",1971,-3,85.3122357772678,1,1198.4
"171","BENIDORM",1973,-1,33.3463694433581,7,92.3000000000002
"172","BENIDORM",1975,4,16.076840355851,5,269.9
"173","BENIDORM",1977,1,-0.918010696087927,4,-201.4
"174","BENIDORM",1979,1,13.0647286327511,1,64
"175","BENIDORM",1981,-6,10.487538999361,1,56.5999999999999
"176","BENIDORM",1983,34,6.98125404007757,3,190.5
"177","BENIDORM",1985,10,13.6524089680394,3,24.3000000000002
"178","BENIDORM",1987,30,-1.03251441043147,2,-324.1
"179","BENIDORM",1989,-36,-3.43803896067177,2,-96.6999999999998
"180","BENIDORM",1991,-6,-1.25611220097795,3,-164
"182","BENISSA",1965,1,26.9230769230769,0,1.8
"183","BENISSA",1967,-1,39.3939393939394,1,4.8
"184","BENISSA",1969,1,70,0,3.3
"185","BENISSA",1971,1,60.8695652173913,0,-3.1
"186","BENISSA",1973,-2,30.0476947535771,0,-1
"187","BENISSA",1975,1,42.1760391198044,2,-1.5
"188","BENISSA",1977,-1,16.3370593293207,0,0.600000000000001
"189","BENISSA",1979,5,9.90391722099039,0,-0.2
"190","BENISSA",1981,-5,22.7303295225286,0,0
"191","BENISSA",1983,3,4.93150684931507,0,0.7
"192","BENISSA",1985,0,25.2741514360313,1,-2.1
"193","BENISSA",1987,4,75.1146310962901,0,1.1
"194","BENISSA",1989,2,-3.6895977148298,0,-1.4
"195","BENISSA",1991,-3,-5.65991102323282,0,1
"197","BERGA",1965,0,21.1187214611872,0,18.4
"198","BERGA",1967,0,9.70782280867106,0,-19.1
"199","BERGA",1969,0,9.27835051546392,0,6
"200","BERGA",1971,1,20.440251572327,0,-8
"201","BERGA",1973,0,26.0443864229765,1,-10.9
"202","BERGA",1975,-1,19.7307094769549,0,-0.199999999999999
"203","BERGA",1977,3,28.8062283737024,2,3.2
"204","BERGA",1979,-1,26.4607118871726,1,0.199999999999999
"205","BERGA",1981,-1,27.1640998406798,0,0
"206","BERGA",1983,2,14.5333054917519,2,-2.2
"207","BERGA",1985,2,6.58158614402917,0,-5.3
"208","BERGA",1987,11,2.27505986999658,0,8
"209","BERGA",1989,0,6.52282990466633,0,0.699999999999999
"210","BERGA",1991,6,0.188412623645784,0,0
"212","BILBAO",1965,12,17.4652188279799,-24,190.7
"213","BILBAO",1967,-7,-3.26216643547933,8,-57
"214","BILBAO",1969,1,15.966428686026,5,-48.5
"215","BILBAO",1971,5,18.1174395379201,2,-192.5
"216","BILBAO",1973,-17,74.8440748440748,22,71.3000000000001
"217","BILBAO",1975,31,-16.1528026661754,24,206.9
"218","BILBAO",1977,13,10.9675228698118,45,50.6
"219","BILBAO",1979,33,10.5373760282233,17,-96.3000000000001
"220","BILBAO",1981,-58,-7.69484418571516,-5,-22.8
"221","BILBAO",1983,94,0.841922352619485,10,-84.1
"222","BILBAO",1985,116,5.59059181638472,0,-34.5
"223","BILBAO",1987,67,-4.84188290844327,-1,-10.4
"224","BILBAO",1989,114,-0.539293564604235,-9,-20.6
"225","BILBAO",1991,-41,-12.5313996131393,3,-16
"227","CALDES DE MONTBUI",1965,0,11.3960113960114,0,-40.2
"228","CALDES DE MONTBUI",1967,2,18.4143222506394,0,-15.3
"229","CALDES DE MONTBUI",1969,-2,11.9870410367171,0,37.6
"230","CALDES DE MONTBUI",1971,2,28.2545805207329,1,-16.9
"231","CALDES DE MONTBUI",1973,-2,14.2105263157895,0,-9.8
"232","CALDES DE MONTBUI",1975,3,41.0796576695194,2,-0.5
"233","CALDES DE MONTBUI",1977,2,6.71955202986468,0,9.8
"234","CALDES DE MONTBUI",1979,0,38.5658067337123,1,5.6
"235","CALDES DE MONTBUI",1981,-1,14.5156200694225,1,-9.5
"236","CALDES DE MONTBUI",1983,-2,12.372554422706,0,-2
"237","CALDES DE MONTBUI",1985,17,8.36194212849436,0,-3.40000000000001
"238","CALDES DE MONTBUI",1987,0,-1.62932790224033,0,-2.4
"239","CALDES DE MONTBUI",1989,-6,11.8242466068553,0,0.100000000000001
"240","CALDES DE MONTBUI",1991,11,8.29047521086196,0,6
"242","CALELLA",1965,0,35.3188507358094,0,183.9
"243","CALELLA",1967,1,17.711030554117,1,-75.7
"244","CALELLA",1969,-1,16.6739991201056,0,163.6
"245","CALELLA",1971,1,19.079939668175,0,6.89999999999998
"246","CALELLA",1973,-2,24.3825205826472,1,-42.1999999999999
"247","CALELLA",1975,1,28.8441955193483,2,-148.7
"248","CALELLA",1977,0,6.08575380359613,6,-15.9
"249","CALELLA",1979,1,14.0994598621717,0,107.4
"250","CALELLA",1981,0,14.2507345739471,1,-109.4
"251","CALELLA",1983,4,-6.25803686240892,0,13.3
"252","CALELLA",1985,0,6.99588477366255,0,12.1
"253","CALELLA",1987,16,1.32478632478632,-1,-3.10000000000002
"254","CALELLA",1989,-5,0.39364543793055,0,-28.8
"255","CALELLA",1991,-7,-2.10054614199692,0,5
"257","CANET DE MAR",1965,0,39.2660550458716,1,25.8
"258","CANET DE MAR",1967,0,19.7628458498024,0,14.1
"259","CANET DE MAR",1969,0,17.4917491749175,0,3.5
"260","CANET DE MAR",1971,0,30.0561797752809,0,-11.5
"261","CANET DE MAR",1973,0,29.2296616270698,0,-14.2
"262","CANET DE MAR",1975,0,20.9470752089136,0,5.8
"263","CANET DE MAR",1977,0,5.57346844771994,1,0.600000000000001
"264","CANET DE MAR",1979,1,22.7748691099476,1,1.9
"265","CANET DE MAR",1981,-1,14.7832267235252,1,-12.9
"266","CANET DE MAR",1983,1,9.5046439628483,0,1.1
"267","CANET DE MAR",1985,5,7.52049759683347,0,1.40000000000001
"268","CANET DE MAR",1987,5,-0.0788850907178543,0,1.8
"269","CANET DE MAR",1989,-5,5.86842105263158,0,6.5
"270","CANET DE MAR",1991,1,2.48570718369376,0,-8
"272","CASTELLDEFELS",1965,-1,48.8059701492537,0,-191.9
"273","CASTELLDEFELS",1967,2,22.2668004012036,1,10.4
"274","CASTELLDEFELS",1969,0,28.50697292863,1,-167.7
"275","CASTELLDEFELS",1971,-1,29.3329077561443,0,-69
"276","CASTELLDEFELS",1973,-1,36.4758144126357,1,-45.3
"277","CASTELLDEFELS",1975,2,28.1916817359855,3,21.6
"278","CASTELLDEFELS",1977,3,-18.0984624065454,0,-7.5
"279","CASTELLDEFELS",1979,5,120.874956941095,0,-2.09999999999999
"280","CASTELLDEFELS",1981,-7,14.9095446038677,1,-2
"281","CASTELLDEFELS",1983,8,6.25678610206297,1,-38.9
"282","CASTELLDEFELS",1985,3,6.11189168476178,1,11.7
"283","CASTELLDEFELS",1987,17,-19.1573879024977,0,-18.9
"284","CASTELLDEFELS",1989,4,33.4425253126861,0,-0.199999999999989
"285","CASTELLDEFELS",1991,0,3.8663244811426,-1,22
"287","CERCEDILLA",1965,1,13.472706155633,-1,-19.4
"288","CERCEDILLA",1967,-1,6.14124872057318,-1,-17
"289","CERCEDILLA",1969,0,20.6364513018322,0,-10.8
"290","CERCEDILLA",1971,0,21.1830535571543,0,-5.9
"291","CERCEDILLA",1973,0,4.08970976253298,0,-4.6
"292","CERCEDILLA",1975,0,19.5183776932826,0,17.2
"293","CERCEDILLA",1977,0,-2.22693531283139,0,-5.6
"294","CERCEDILLA",1979,0,20.0650759219089,0,-3.6
"295","CERCEDILLA",1981,0,13.2791327913279,1,-0.799999999999999
"296","CERCEDILLA",1983,0,6.2200956937799,0,1.5
"297","CERCEDILLA",1985,1,21.8468468468468,0,-2.5
"298","CERCEDILLA",1987,4,-9.79667282809612,0,-2.8
"299","CERCEDILLA",1989,2,6.28415300546448,0,1.4
"300","CERCEDILLA",1991,-4,5.07712082262211,0,0
"302","CULLERA",1965,2,49.2,0,-3.09999999999999
"303","CULLERA",1967,0,49.1510277033065,1,-9.40000000000001
"304","CULLERA",1969,-2,28.4601557819053,1,21.3
"305","CULLERA",1971,1,14.365671641791,0,-30.4
"306","CULLERA",1973,-1,5.70962479608483,0,-5.40000000000001
"307","CULLERA",1975,0,28.8194444444444,0,-8.09999999999999
"308","CULLERA",1977,4,10.7217729859239,2,37.9
"309","CULLERA",1979,1,10.2786042737355,0,-14.5
"310","CULLERA",1981,-5,21.0939416237429,0,-9.89999999999999
"311","CULLERA",1983,6,22.2604820741341,0,-9.40000000000001
"312","CULLERA",1985,3,6.62690523525514,0,-10.6
"313","CULLERA",1987,-4,15.5686761963953,0,-7
"314","CULLERA",1989,7,6.92390427534283,0,-5.7
"315","CULLERA",1991,4,10.6626430277883,1,-2
"317","DEBA",1965,0,136.80981595092,0,26.3
"318","DEBA",1967,0,8.41968911917098,0,-31.6
"319","DEBA",1969,1,17.0848267622461,0,-11.6
"320","DEBA",1971,0,12.5510204081633,0,-14.4
"321","DEBA",1973,-1,32.6382592928377,0,-5.5
"322","DEBA",1975,2,24.3335611756664,0,-7.9
"323","DEBA",1977,-1,8.79604178119846,0,-3.9
"324","DEBA",1979,3,-9.09550277918141,0,1.3
"325","DEBA",1981,-3,57.3652028904947,0,-5.9
"326","DEBA",1983,3,-38.6435888378665,0,-1.9
"327","DEBA",1985,-3,6.44789867587795,0,-0.800000000000001
"328","DEBA",1987,4,6.21957815035154,0,-1.5
"329","DEBA",1989,1,8.5030549898167,0,0.800000000000001
"330","DEBA",1991,-2,3.51947442515251,0,-1
"332","DENIA",1965,0,46.5141612200436,0,-1.09999999999999
"333","DENIA",1967,1,6.02230483271375,0,5.59999999999999
"334","DENIA",1969,1,17.741935483871,0,-9.59999999999999
"335","DENIA",1971,2,25.670041691483,0,2
"336","DENIA",1973,-4,44.739336492891,0,9.5
"337","DENIA",1975,3,24.0340537000655,2,45.9
"338","DENIA",1977,1,28.0359028511088,2,50.3
"339","DENIA",1979,4,44.2474226804124,0,-19.4
"340","DENIA",1981,-8,31.4322469982847,1,-57.3
"341","DENIA",1983,7,16.9983686786297,2,54.4
"342","DENIA",1985,12,13.3482059862428,0,1.09999999999999
"343","DENIA",1987,3,13.0556011153026,3,-30.2
"344","DENIA",1989,2,2.34295662266067,0,-15.5
"345","DENIA",1991,1,4.30221844212914,3,-10
"347","DONOSTIA/SAN SEBASTIAN",1965,9,72.4188954241113,2,-219.6
"348","DONOSTIA/SAN SEBASTIAN",1967,-3,22.3449903454194,2,-234.8
"349","DONOSTIA/SAN SEBASTIAN",1969,0,4.89960543621219,5,-224.4
"350","DONOSTIA/SAN SEBASTIAN",1971,-6,7.1415436566977,0,-284.1
"351","DONOSTIA/SAN SEBASTIAN",1973,4,-5.31119814014448,12,-254.5
"352","DONOSTIA/SAN SEBASTIAN",1975,4,10.8095638275084,9,-78.8000000000001
"353","DONOSTIA/SAN SEBASTIAN",1977,26,5.72664951596354,14,299.5
"354","DONOSTIA/SAN SEBASTIAN",1979,-4,7.38698697572365,8,-243.5
"355","DONOSTIA/SAN SEBASTIAN",1981,-25,6.5396201702685,-5,-45.6999999999999
"356","DONOSTIA/SAN SEBASTIAN",1983,41,26.1952472861832,9,-65.7
"357","DONOSTIA/SAN SEBASTIAN",1985,50,4.07789500345832,2,-48.6
"358","DONOSTIA/SAN SEBASTIAN",1987,56,-2.22394863202823,0,19
"359","DONOSTIA/SAN SEBASTIAN",1989,64,0.855821789950316,2,-0.399999999999977
"360","DONOSTIA/SAN SEBASTIAN",1991,-38,-3.13701295619572,0,13
"362","EL CAMPELLO",1965,-2,92.8571428571429,0,3.5
"363","EL CAMPELLO",1967,0,51.3227513227513,1,-14
"364","EL CAMPELLO",1969,0,29.020979020979,0,3.5
"365","EL CAMPELLO",1971,1,58.8075880758808,0,-6.6
"366","EL CAMPELLO",1973,-1,41.296928327645,1,-4.3
"367","EL CAMPELLO",1975,0,35.6280193236715,1,-4.1
"368","EL CAMPELLO",1977,0,17.9875333926981,0,4.8
"369","EL CAMPELLO",1979,1,39.3207547169811,1,-0.299999999999997
"370","EL CAMPELLO",1981,-1,38.6782231852654,1,-0.5
"371","EL CAMPELLO",1983,3,21.2109375,0,8.2
"372","EL CAMPELLO",1985,7,20.8507895584918,0,-1.5
"373","EL CAMPELLO",1987,-4,75.8666666666667,2,-0.399999999999999
"374","EL CAMPELLO",1989,8,10.7808946171342,-2,-4.9
"375","EL CAMPELLO",1991,4,6.46044347111963,2,-8
"377","EL MASNOU",1965,1,8.35881753312946,0,0.800000000000001
"378","EL MASNOU",1967,0,10.5362182502352,1,0.600000000000001
"379","EL MASNOU",1969,0,18.3829787234043,0,-15.9
"380","EL MASNOU",1971,0,62.3292595255212,0,-4.3
"381","EL MASNOU",1973,0,30.7794508414526,0,-2.1
"382","EL MASNOU",1975,1,42.5668811378259,4,-1.1
"383","EL MASNOU",1977,0,44.58432304038,1,17.4
"384","EL MASNOU",1979,-1,0.706423525546246,3,-1.5
"385","EL MASNOU",1981,-1,19.2659053833605,0,-3.4
"386","EL MASNOU",1983,5,6.64751743947476,0,-1.4
"387","EL MASNOU",1985,2,6.9385661151725,0,4.6
"388","EL MASNOU",1987,4,1.13936195730391,0,-9.4
"389","EL MASNOU",1989,5,6.4271315071742,-1,0.5
"390","EL MASNOU",1991,2,2.64066852367688,0,-5
"392","EL PRAT DE LLOBREGAT",1965,0,40.2412280701754,1,-8.6
"393","EL PRAT DE LLOBREGAT",1967,2,30.1798279906177,0,16.6
"394","EL PRAT DE LLOBREGAT",1969,-3,77.2372372372372,1,-13.1
"395","EL PRAT DE LLOBREGAT",1971,1,15.0118603863097,0,-1.8
"396","EL PRAT DE LLOBREGAT",1973,-1,98.408956982911,3,0.4
"397","EL PRAT DE LLOBREGAT",1975,3,54.5738045738046,6,4.7
"398","EL PRAT DE LLOBREGAT",1977,1,15.207993082909,4,13.6
"399","EL PRAT DE LLOBREGAT",1979,9,51.6010673782522,-2,-6.5
"400","EL PRAT DE LLOBREGAT",1981,-9,18.4763476347635,0,5.8
"401","EL PRAT DE LLOBREGAT",1983,11,8.65871210362598,0,14.6
"402","EL PRAT DE LLOBREGAT",1985,19,1.50401640745172,0,-4.1
"403","EL PRAT DE LLOBREGAT",1987,4,1.45647415389796,1,-11.4
"404","EL PRAT DE LLOBREGAT",1989,6,4.21541780765082,-2,-5.2
"405","EL PRAT DE LLOBREGAT",1991,-15,2.12994665180349,1,29
"407","ELCHE/ELX",1965,-2,32.8595317725753,2,14.3
"408","ELCHE/ELX",1967,1,11.5166771554437,0,-21.1
"409","ELCHE/ELX",1969,4,35.4778028592927,1,27.1
"410","ELCHE/ELX",1971,3,19.758400444321,0,-27.8
"411","ELCHE/ELX",1973,-4,18.5449275362319,5,22
"412","ELCHE/ELX",1975,0,38.7256100542814,6,-19.5
"413","ELCHE/ELX",1977,16,17.6501692047377,10,13.8
"414","ELCHE/ELX",1979,9,16.638202247191,8,-7.69999999999999
"415","ELCHE/ELX",1981,-23,38.7202013974517,3,-40.8
"416","ELCHE/ELX",1983,57,7.00542582544768,11,-2.19999999999999
"417","ELCHE/ELX",1985,79,13.9398449397757,4,-6
"418","ELCHE/ELX",1987,9,5.39345980345996,5,1.19999999999999
"419","ELCHE/ELX",1989,31,-0.194552529182879,-1,-2.59999999999999
"420","ELCHE/ELX",1991,10,2.92830842538445,1,-6
"422","ELDA",1965,2,39.9401645474944,1,-6.7
"423","ELDA",1967,-1,14.7514698022448,0,-3.5
"424","ELDA",1969,1,26.152771308803,1,4.2
"425","ELDA",1971,-1,26.121469448034,0,6.8
"426","ELDA",1973,-1,11.8266978922717,1,-6.6
"427","ELDA",1975,0,30.4973821989529,2,-3.2
"428","ELDA",1977,5,20.8826479438315,0,0.399999999999999
"429","ELDA",1979,4,27.9455692001328,2,1.8
"430","ELDA",1981,-5,29.2347600518807,2,-4.1
"431","ELDA",1983,9,10.1866720192694,2,0.299999999999999
"432","ELDA",1985,21,8.88969851534748,3,-1
"433","ELDA",1987,8,-0.422417398578001,0,-0.6
"434","ELDA",1989,20,-0.331807299760595,-1,-0.0999999999999996
"435","ELDA",1991,1,-1.82469447956174,1,-1
"437","GANDIA",1965,3,23.7922077922078,1,-28.5
"438","GANDIA",1967,-2,24.1502308015107,1,42.8
"439","GANDIA",1969,2,13.7569714382288,0,-27.5
"440","GANDIA",1971,1,21.3935522210667,1,-7.19999999999999
"441","GANDIA",1973,-3,22.053604210011,3,30.1
"442","GANDIA",1975,5,21.2072596009225,5,124.2
"443","GANDIA",1977,2,8.79384513567174,4,-12.2
"444","GANDIA",1979,3,21.3519884419436,3,12.7
"445","GANDIA",1981,-8,25.7848236105019,3,41.2
"446","GANDIA",1983,14,89.5935040350702,11,-93.3
"447","GANDIA",1985,19,-34.1128248246144,-2,-38.1
"448","GANDIA",1987,2,-0.0877332907959802,-1,62
"449","GANDIA",1989,12,5.36441286820468,-3,-54.6
"450","GANDIA",1991,-2,1.6326994469278,2,-10
"452","GAVA",1965,0,39.4495412844037,1,-37
"453","GAVA",1967,-2,24.1776315789474,0,103.4
"454","GAVA",1969,2,35.0993377483444,1,-100.8
"455","GAVA",1971,0,45.8823529411765,0,-7
"456","GAVA",1973,1,31.0483870967742,1,9.5
"457","GAVA",1975,0,34.7692307692308,5,-1.9
"458","GAVA",1977,5,43.8356164383562,3,31
"459","GAVA",1979,0,21.6137566137566,0,-3.40000000000001
"460","GAVA",1981,-6,25.3752447248205,0,-0.299999999999997
"461","GAVA",1983,5,9.48208553830138,1,-1.7
"462","GAVA",1985,15,4.36608557844691,0,-5.9
"463","GAVA",1987,12,11.4645812770481,0,-9.7
"464","GAVA",1989,-4,-1.20563994278319,-1,-13.2
"465","GAVA",1991,7,4.75041367898511,2,22
"467","GRANOLLERS",1965,0,20.5619982158787,0,0.699999999999999
"468","GRANOLLERS",1967,0,43.2482426933037,1,-6.1
"469","GRANOLLERS",1969,1,22.5723140495868,1,-4.6
"470","GRANOLLERS",1971,-4,17.8255372945638,0,-1.7
"471","GRANOLLERS",1973,2,48.10443490701,6,-1.5
"472","GRANOLLERS",1975,7,46.7157691378894,4,-6.4
"473","GRANOLLERS",1977,6,23.1256686692453,5,11.3
"474","GRANOLLERS",1979,10,15.3331996524297,6,0.399999999999999
"475","GRANOLLERS",1981,-19,21.947261663286,6,11.8
"476","GRANOLLERS",1983,13,3.55004277159966,6,-3.7
"477","GRANOLLERS",1985,27,6.42067098077011,-2,-1.8
"478","GRANOLLERS",1987,-4,6.80093151630154,-2,-0.699999999999999
"479","GRANOLLERS",1989,35,2.64486169997981,-1,-1.3
"480","GRANOLLERS",1991,0,-0.405192761605035,-1,0
"482","GUARDAMAR DEL SEGURA",1965,0,25.7510729613734,1,-14.1
"483","GUARDAMAR DEL SEGURA",1967,0,16.0409556313993,0,-5.6
"484","GUARDAMAR DEL SEGURA",1969,0,20.8823529411765,0,5.2
"485","GUARDAMAR DEL SEGURA",1971,0,63.9902676399027,0,-1.7
"486","GUARDAMAR DEL SEGURA",1973,0,18.1008902077151,0,-0.6
"487","GUARDAMAR DEL SEGURA",1975,1,12.8140703517588,0,158.1
"488","GUARDAMAR DEL SEGURA",1977,-1,69.8218262806236,1,-150
"489","GUARDAMAR DEL SEGURA",1979,0,11.4754098360656,1,3.8
"490","GUARDAMAR DEL SEGURA",1981,0,17.5294117647059,0,-1.3
"491","GUARDAMAR DEL SEGURA",1983,2,16.8668668668669,1,-1.1
"492","GUARDAMAR DEL SEGURA",1985,0,11.8201284796574,1,-0.799999999999997
"493","GUARDAMAR DEL SEGURA",1987,4,15.396399846802,0,1.5
"494","GUARDAMAR DEL SEGURA",1989,1,14.9684699634915,0,5.4
"495","GUARDAMAR DEL SEGURA",1991,-1,9.8729792147806,1,4
"497","HONDARRIBIA",1965,-1,35.3846153846154,0,-22.4
"498","HONDARRIBIA",1967,0,12.9186602870813,0,-17.8
"499","HONDARRIBIA",1969,2,22.510593220339,0,-5
"500","HONDARRIBIA",1971,-1,23.3463035019455,0,-5.8
"501","HONDARRIBIA",1973,-1,23.9747634069401,0,-9
"502","HONDARRIBIA",1975,0,21.4588634435963,0,-8.1
"503","HONDARRIBIA",1977,1,8.19366852886406,0,3.7
"504","HONDARRIBIA",1979,-1,10.3055077452668,0,-0.899999999999999
"505","HONDARRIBIA",1981,0,10.4349522137702,0,-6.6
"506","HONDARRIBIA",1983,1,10.4380077711056,0,17.2
"507","HONDARRIBIA",1985,3,6.12505997121382,-1,-1.1
"508","HONDARRIBIA",1987,1,2.23025919228451,1,2.6
"509","HONDARRIBIA",1989,5,2.50589622641509,0,-8.6
"510","HONDARRIBIA",1991,-4,0.517687661777394,0,-2
"512","IGUALADA",1965,1,32.29657555765,0,-12.7
"513","IGUALADA",1967,2,7.43291379719782,1,1.6
"514","IGUALADA",1969,-1,18.5676392572944,0,-1.3
"515","IGUALADA",1971,5,18.7733035048471,0,-8.1
"516","IGUALADA",1973,-3,41.8458640715743,4,10.9
"517","IGUALADA",1975,1,11.3090627420604,3,-3.8
"518","IGUALADA",1977,9,22.9843920866885,2,3.2
"519","IGUALADA",1979,-7,7.96216959017056,3,-1.3
"520","IGUALADA",1981,-4,16.5169212339024,1,1.3
"521","IGUALADA",1983,18,-0.0835368204600951,6,-2.6
"522","IGUALADA",1985,3,2.34098655862113,-1,-3.9
"523","IGUALADA",1987,17,-9.53937032614843,-3,0.400000000000002
"524","IGUALADA",1989,7,1.6950329975686,-1,-1.6
"525","IGUALADA",1991,-10,1.41403101304734,0,-1
"527","IRUN",1965,4,35.3040949842501,0,-55
"528","IRUN",1967,-2,15.669770773639,1,-56.6
"529","IRUN",1969,-1,3.42158228827992,0,-115.8
"530","IRUN",1971,-1,38.1586826347305,1,-17.8
"531","IRUN",1973,3,14.3027413587604,2,-5.9
"532","IRUN",1975,0,34.4392833443928,4,2.2
"533","IRUN",1977,2,10.6543505852489,1,2
"534","IRUN",1979,8,37.2968839610017,1,-1.6
"535","IRUN",1981,-10,3.60623781676413,2,-1.6
"536","IRUN",1983,12,3.92868342068718,0,0.100000000000001
"537","IRUN",1985,5,4.23706896551724,0,-6.4
"538","IRUN",1987,6,0.711243435471199,1,-4.8
"539","IRUN",1989,26,3.66659823444878,1,-1.7
"540","IRUN",1991,-5,-0.257446134347275,0,-4
"542","JAVEA/XABIA",1965,1,118.253968253968,1,66.1
"543","JAVEA/XABIA",1967,2,30.1818181818182,0,-28.7
"544","JAVEA/XABIA",1969,-2,22.6256983240223,0,3
"545","JAVEA/XABIA",1971,-1,39.8633257403189,0,-17.4
"546","JAVEA/XABIA",1973,0,56.0260586319218,1,19.2
"547","JAVEA/XABIA",1975,0,30.4279749478079,0,-10.6
"548","JAVEA/XABIA",1977,1,3.28131252501,1,50.2
"549","JAVEA/XABIA",1979,2,54.4362650135606,4,-11.8
"550","JAVEA/XABIA",1981,-3,34.470647265429,2,-8.10000000000001
"551","JAVEA/XABIA",1983,7,20.2238805970149,0,-11.7
"552","JAVEA/XABIA",1985,-2,22.1135940409683,2,-1.8
"553","JAVEA/XABIA",1987,8,25.7338924895158,1,-4.59999999999999
"554","JAVEA/XABIA",1989,7,7.33778047301395,-1,2.8
"555","JAVEA/XABIA",1991,-8,1.4030131826742,2,-4
"557","LA GARRIGA",1965,0,31.04,0,-6.10000000000001
"558","LA GARRIGA",1967,0,19.2918192918193,1,-36
"559","LA GARRIGA",1969,1,11.668372569089,0,-25.3
"560","LA GARRIGA",1971,-1,25.0229147571036,0,-12.3
"561","LA GARRIGA",1973,1,28.3724340175953,0,-7.8
"562","LA GARRIGA",1975,0,19.0748143917761,0,-7.8
"563","LA GARRIGA",1977,0,7.38609112709832,4,-10.4
"564","LA GARRIGA",1979,4,41.2684234033051,1,9.3
"565","LA GARRIGA",1981,-2,17.7363262725261,1,-0.800000000000001
"566","LA GARRIGA",1983,5,4.08163265306122,0,0
"567","LA GARRIGA",1985,1,57.8173374613003,0,-1.6
"568","LA GARRIGA",1987,-2,-30.1291482752983,0,-1.7
"569","LA GARRIGA",1989,8,4.23490875058493,0,-4.2
"570","LA GARRIGA",1991,0,2.17732884399551,0,3
"572","LA VILLAJOYOSA/VILA JOIOSA",1965,0,32.7476038338658,0,23
"573","LA VILLAJOYOSA/VILA JOIOSA",1967,0,37.7858002406739,0,12.2
"574","LA VILLAJOYOSA/VILA JOIOSA",1969,1,14.9344978165939,0,10.4
"575","LA VILLAJOYOSA/VILA JOIOSA",1971,1,55.9270516717325,0,-1.2
"576","LA VILLAJOYOSA/VILA JOIOSA",1973,0,52.046783625731,2,-69.7
"577","LA VILLAJOYOSA/VILA JOIOSA",1975,0,-6.69871794871795,1,41.8
"578","LA VILLAJOYOSA/VILA JOIOSA",1977,0,7.35142562693233,0,16.3
"579","LA VILLAJOYOSA/VILA JOIOSA",1979,2,43.968,1,-4.7
"580","LA VILLAJOYOSA/VILA JOIOSA",1981,-4,29.8955323405201,0,-6.8
"581","LA VILLAJOYOSA/VILA JOIOSA",1983,3,12.1834360027379,2,26.6
"582","LA VILLAJOYOSA/VILA JOIOSA",1985,0,10.4179377669311,0,32.5
"583","LA VILLAJOYOSA/VILA JOIOSA",1987,3,6.72744854261638,0,-12.1
"584","LA VILLAJOYOSA/VILA JOIOSA",1989,-3,7.11881957028216,0,30.5
"585","LA VILLAJOYOSA/VILA JOIOSA",1991,0,3.69743837602707,0,-4
"587","LEKEITIO",1965,0,37.3626373626374,0,-4.9
"588","LEKEITIO",1967,0,30.88,0,-1.4
"589","LEKEITIO",1969,1,66.5036674816626,0,14.9
"590","LEKEITIO",1971,-1,23.4214390602056,0,-28.7
"591","LEKEITIO",1973,0,13.2064247471743,0,-0.8
"592","LEKEITIO",1975,1,4.83447188649501,0,-0.7
"593","LEKEITIO",1977,-1,7.71929824561404,0,0.2
"594","LEKEITIO",1979,1,28.8040949278734,0,0.5
"595","LEKEITIO",1981,-1,9.32080924855491,0,-0.5
"596","LEKEITIO",1983,1,0.495703899537343,0,-0.9
"597","LEKEITIO",1985,0,6.97139098980599,1,2.2
"598","LEKEITIO",1987,1,-2.24408238549032,0,-0.4
"599","LEKEITIO",1989,2,5.84905660377358,0,0.4
"600","LEKEITIO",1991,-3,1.01010101010101,0,1
"602","MADRID",1965,114,23.9676214196762,-25,-440.9
"603","MADRID",1967,-69,15.8212953475445,35,1303.5
"604","MADRID",1969,41,18.3881181798417,19,-2148
"605","MADRID",1971,26,17.3474999536006,17,429.4
"606","MADRID",1973,-207,14.8110689072189,71,-1301.9
"607","MADRID",1975,314,14.7454608994242,246,791.9
"608","MADRID",1977,281,5.94529426966668,279,-1195.2
"609","MADRID",1979,-46,7.20640017558257,261,-1710.4
"610","MADRID",1981,-466,5.44073158004244,99,1650.6
"611","MADRID",1983,994,1.86679596672458,128,-2194.6
"612","MADRID",1985,824,4.05248832686336,62,129.9
"613","MADRID",1987,1398,0.879162669982483,80,-341.199999999999
"614","MADRID",1989,182,-4.78723430501737,102,455.9
"615","MADRID",1991,37,-3.45273631840796,1,213
"617","MALGRAT DE MAR",1965,0,32.5,0,62.3
"618","MALGRAT DE MAR",1967,0,20.2830188679245,1,-87.6
"619","MALGRAT DE MAR",1969,2,12.0588235294118,0,-10.8
"620","MALGRAT DE MAR",1971,-2,39.1076115485564,0,-37.4
"621","MALGRAT DE MAR",1973,0,12.7044025157233,0,2.89999999999998
"622","MALGRAT DE MAR",1975,0,27.2321428571429,0,-12.8
"623","MALGRAT DE MAR",1977,2,9.47368421052632,3,16.3
"624","MALGRAT DE MAR",1979,-1,26.8429487179487,2,11.1
"625","MALGRAT DE MAR",1981,-1,16.6456096020215,1,-27.7
"626","MALGRAT DE MAR",1983,2,7.77145951800704,1,-10.1
"627","MALGRAT DE MAR",1985,2,6.70854271356784,1,-3.90000000000001
"628","MALGRAT DE MAR",1987,9,4.52083823875677,0,-14.5
"629","MALGRAT DE MAR",1989,4,6.82586168055868,-1,1.40000000000001
"630","MALGRAT DE MAR",1991,-7,2.74145929987347,0,-4
"632","MANRESA",1965,-3,26.4055179593961,0,-6.2
"633","MANRESA",1967,0,2.10027797796767,0,-7.2
"634","MANRESA",1969,4,20.3589795300998,1,-1.2
"635","MANRESA",1971,-2,8.80529490616622,0,4.3
"636","MANRESA",1973,0,36.983136983137,5,13.4
"637","MANRESA",1975,1,23.8729623383924,7,-0.5
"638","MANRESA",1977,9,16.5403639333848,5,10.6
"639","MANRESA",1979,8,9.89798302312904,5,-2.7
"640","MANRESA",1981,-17,13.484977324263,5,-5.1
"641","MANRESA",1983,16,2.54448954105526,1,-8.4
"642","MANRESA",1985,30,-5.02664028010352,0,-0.900000000000002
"643","MANRESA",1987,25,0.567416810925178,-1,-2.7
"644","MANRESA",1989,0,-0.382518886870039,0,2
"645","MANRESA",1991,1,1.23196057726153,1,-2
"647","MARKINA-XEMEIN",1965,-1,21.8623481781377,-1,-18.2
"648","MARKINA-XEMEIN",1967,0,19.2691029900332,0,-1
"649","MARKINA-XEMEIN",1969,0,42.6183844011142,0,7.9
"650","MARKINA-XEMEIN",1971,0,12.3046875,0,-2
"651","MARKINA-XEMEIN",1973,0,23.304347826087,0,-2.1
"652","MARKINA-XEMEIN",1975,0,9.16784203102962,0,-3.3
"653","MARKINA-XEMEIN",1977,0,22.7390180878553,0,-0.8
"654","MARKINA-XEMEIN",1979,0,24.9473684210526,0,10.1
"655","MARKINA-XEMEIN",1981,0,26.5374894692502,0,-7.8
"656","MARKINA-XEMEIN",1983,0,-0.133155792276964,-1,-1.7
"657","MARKINA-XEMEIN",1985,2,11.8,1,-0.1
"658","MARKINA-XEMEIN",1987,-2,17.2927847346452,0,-1.4
"659","MARKINA-XEMEIN",1989,6,-8.64260294865277,0,-0.1
"660","MARKINA-XEMEIN",1991,-3,1.78074568725654,-1,0
"662","OLIVA",1965,0,21.2581344902386,0,-9.1
"663","OLIVA",1967,0,27.7280858676208,0,29.5
"664","OLIVA",1969,2,15.266106442577,1,-15.1
"665","OLIVA",1971,-1,20.9599027946537,0,0.100000000000001
"666","OLIVA",1973,-1,6.07734806629834,0,-1.6
"667","OLIVA",1975,1,7.85984848484848,0,-1.8
"668","OLIVA",1977,1,5.04828797190518,4,11.1
"669","OLIVA",1979,-1,37.9857918930213,0,5.4
"670","OLIVA",1981,-1,20.4724409448819,0,16.1
"671","OLIVA",1983,2,18.9039718451483,2,-4.2
"672","OLIVA",1985,8,14.4820295983087,0,-2.8
"673","OLIVA",1987,3,8.45798707294552,0,-6.2
"674","OLIVA",1989,4,10.7781372382088,-1,-3.3
"675","OLIVA",1991,-5,5.51798339993852,-1,-1
"677","ONDARROA",1965,-2,22.9671897289586,0,2.3
"678","ONDARROA",1967,0,27.9582366589327,0,-2
"679","ONDARROA",1969,0,20.4895738893926,1,-0.899999999999999
"680","ONDARROA",1971,5,19.2626034612491,0,-5.2
"681","ONDARROA",1973,-6,-26.6246056782334,0,3.4
"682","ONDARROA",1975,3,140.240756663801,0,-0.6
"683","ONDARROA",1977,-3,5.40443808160344,0,0.7
"684","ONDARROA",1979,2,15.1782682512733,0,-1.4
"685","ONDARROA",1981,0,19.811320754717,0,0.6
"686","ONDARROA",1983,0,9.375,1,-2.7
"687","ONDARROA",1985,6,10.9561304836895,1,0
"688","ONDARROA",1987,-5,-3.58880778588808,0,2.1
"689","ONDARROA",1989,6,-0.147213459516299,1,0.9
"690","ONDARROA",1991,-5,-7.81381634372367,1,0
"692","PAMPLONA/IRUÑA",1965,2,34.0656744625561,2,-76.3
"693","PAMPLONA/IRUÑA",1967,3,13.8396475770925,1,39.5
"694","PAMPLONA/IRUÑA",1969,0,20.8470063773141,2,-77.1
"695","PAMPLONA/IRUÑA",1971,2,21.4827338866687,2,-233.5
"696","PAMPLONA/IRUÑA",1973,-12,25.152882628316,6,118.8
"697","PAMPLONA/IRUÑA",1975,20,20.7363100252738,10,16.9
"698","PAMPLONA/IRUÑA",1977,8,9.17565625130832,18,-7.10000000000002
"699","PAMPLONA/IRUÑA",1979,-8,17.3982513549443,10,-17.8
"700","PAMPLONA/IRUÑA",1981,-13,10.8794355585075,6,59.4
"701","PAMPLONA/IRUÑA",1983,25,1.70864633966711,6,94.9
"702","PAMPLONA/IRUÑA",1985,151,-3.58966932174753,4,86
"703","PAMPLONA/IRUÑA",1987,-41,-9.70487797550497,4,-27.3
"704","PAMPLONA/IRUÑA",1989,31,-1.3940953352705,8,187.6
"705","PAMPLONA/IRUÑA",1991,-44,-1.75347827554016,1,-23
"707","PINEDA DE MAR",1965,-2,104.432132963989,0,49.1
"708","PINEDA DE MAR",1967,2,30.6233062330623,0,-14.6
"709","PINEDA DE MAR",1969,0,0.933609958506224,0,55
"710","PINEDA DE MAR",1971,-1,28.4686536485098,0,-34.3
"711","PINEDA DE MAR",1973,1,40,2,-35.5
"712","PINEDA DE MAR",1975,0,29.4857142857143,1,-25.6
"713","PINEDA DE MAR",1977,-1,11.9593998234775,3,12.9
"714","PINEDA DE MAR",1979,2,12.8498226251478,2,10.3
"715","PINEDA DE MAR",1981,-3,24.6594481313308,1,-10.9
"716","PINEDA DE MAR",1983,13,48.5009806668535,0,-6.10000000000002
"717","PINEDA DE MAR",1985,7,13.9811320754717,0,6.80000000000001
"718","PINEDA DE MAR",1987,0,12.0675384870055,-1,-13.3
"719","PINEDA DE MAR",1989,0,13.8109305760709,0,-14.7
"720","PINEDA DE MAR",1991,5,3.6340038935756,0,20
"722","PREMIA DE MAR",1965,0,35.304347826087,1,15.7
"723","PREMIA DE MAR",1967,-1,24.1645244215938,0,5
"724","PREMIA DE MAR",1969,0,28.7784679089027,1,-19.3
"725","PREMIA DE MAR",1971,3,64.6302250803859,0,-2.4
"726","PREMIA DE MAR",1973,-3,59.130859375,0,-2.6
"727","PREMIA DE MAR",1975,1,33.2924209880331,4,-2.2
"728","PREMIA DE MAR",1977,1,44.9125230202578,2,-2.1
"729","PREMIA DE MAR",1979,0,12.0413026211279,4,-1.5
"730","PREMIA DE MAR",1981,-1,15.4402381965121,0,-0.3
"731","PREMIA DE MAR",1983,3,3.19331859493982,-1,-0.8
"732","PREMIA DE MAR",1985,0,6.31992382766008,-1,-0.7
"733","PREMIA DE MAR",1987,7,-3.1344453151237,0,1
"734","PREMIA DE MAR",1989,10,16.0291228475673,0,-2.3
"735","PREMIA DE MAR",1991,-9,3.41633466135458,-1,0
"737","SABADELL",1965,-2,30.6715867158672,0,-3.8
"738","SABADELL",1967,-1,10.3637185134982,1,-3
"739","SABADELL",1969,5,17.8087098920219,2,6
"740","SABADELL",1971,-2,19.3605838147778,2,-3.5
"741","SABADELL",1973,-6,37.9576388383434,5,-3.6
"742","SABADELL",1975,12,21.3965389891316,13,34
"743","SABADELL",1977,11,9.58951737325887,10,-3.3
"744","SABADELL",1979,8,33.3240799492386,6,-29.9
"745","SABADELL",1981,-24,12.0051161545555,3,-1.1
"746","SABADELL",1983,48,4.53591820475368,8,2.1
"747","SABADELL",1985,41,2.19749510962071,1,0.300000000000001
"748","SABADELL",1987,28,-2.83136124092672,1,-0.700000000000001
"749","SABADELL",1989,55,3.43191179104096,1,-3.1
"750","SABADELL",1991,-38,2.38557524641051,0,0
"752","SAGUNTO/SAGUNT",1965,1,15.6739811912226,0,-1.9
"753","SAGUNTO/SAGUNT",1967,-1,24.7515808491418,0,-0.3
"754","SAGUNTO/SAGUNT",1969,0,40.5503258508327,1,10.3
"755","SAGUNTO/SAGUNT",1971,1,16.5636269963936,0,-0.0999999999999996
"756","SAGUNTO/SAGUNT",1973,-1,29.524861878453,5,-4.1
"757","SAGUNTO/SAGUNT",1975,4,41.426377751237,5,3.8
"758","SAGUNTO/SAGUNT",1977,0,13.0896368681385,3,6.9
"759","SAGUNTO/SAGUNT",1979,2,39.3428632387455,2,1.7
"760","SAGUNTO/SAGUNT",1981,-5,27.0402694839994,-1,0.400000000000002
"761","SAGUNTO/SAGUNT",1983,8,5.39351572857659,2,1.7
"762","SAGUNTO/SAGUNT",1985,-1,8.41671908056493,0,2
"763","SAGUNTO/SAGUNT",1987,15,-1.50308528031222,1,-0.5
"764","SAGUNTO/SAGUNT",1989,16,4.82437352752195,-4,-0.5
"765","SAGUNTO/SAGUNT",1991,-6,7.67737651325535,2,-3
"767","SANT BOI DE LLOBREGAT",1965,-1,35.4581673306773,1,-5.6
"768","SANT BOI DE LLOBREGAT",1967,0,32.5,0,-6
"769","SANT BOI DE LLOBREGAT",1969,-2,94.7280799112098,1,0.199999999999999
"770","SANT BOI DE LLOBREGAT",1971,1,24.7078939868909,0,-3.8
"771","SANT BOI DE LLOBREGAT",1973,2,78.8619744058501,4,-1.7
"772","SANT BOI DE LLOBREGAT",1975,4,7.32081257186662,10,-1.1
"773","SANT BOI DE LLOBREGAT",1977,3,99.5,2,1.2
"774","SANT BOI DE LLOBREGAT",1979,0,45.984007638143,0,-0.199999999999999
"775","SANT BOI DE LLOBREGAT",1981,0,11.2491824722041,4,-0.4
"776","SANT BOI DE LLOBREGAT",1983,7,0.183715461493239,1,0.300000000000001
"777","SANT BOI DE LLOBREGAT",1985,19,3.70791461893934,1,-1
"778","SANT BOI DE LLOBREGAT",1987,15,-3.84411359055062,0,-0.700000000000001
"779","SANT BOI DE LLOBREGAT",1989,7,5.69326958440603,-2,0.9
"780","SANT BOI DE LLOBREGAT",1991,-12,1.47191871389797,-1,1
"782","SANT CUGAT DEL VALLES",1965,-1,42.5848719475878,1,-4
"783","SANT CUGAT DEL VALLES",1967,4,25.3550543024227,1,55.1
"784","SANT CUGAT DEL VALLES",1969,-1,28.6237920693102,0,-53.3
"785","SANT CUGAT DEL VALLES",1971,3,24.6113989637306,1,-2.4
"786","SANT CUGAT DEL VALLES",1973,-3,54.4906444906445,0,4.4
"787","SANT CUGAT DEL VALLES",1975,4,21.3295653344099,4,-0.199999999999999
"788","SANT CUGAT DEL VALLES",1977,15,26.7857142857143,2,-0.699999999999999
"789","SANT CUGAT DEL VALLES",1979,-13,21.8878488321232,1,-1.4
"790","SANT CUGAT DEL VALLES",1981,-6,17.763582860834,0,-2.2
"791","SANT CUGAT DEL VALLES",1983,17,11.5553388590931,1,-0.600000000000001
"792","SANT CUGAT DEL VALLES",1985,25,8.03103146853147,0,3.5
"793","SANT CUGAT DEL VALLES",1987,22,3.08485890563366,0,-1.3
"794","SANT CUGAT DEL VALLES",1989,23,-1.27551020408163,2,-0.8
"795","SANT CUGAT DEL VALLES",1991,-9,8.86503677201352,1,1
"797","SANTA POLA",1965,0,33.6263736263736,1,8.9
"798","SANTA POLA",1967,0,48.6842105263158,0,6.2
"799","SANTA POLA",1969,-1,35.3982300884956,1,9.6
"800","SANTA POLA",1971,0,62.0915032679739,0,13.5
"801","SANTA POLA",1973,0,35.383064516129,0,1.2
"802","SANTA POLA",1975,0,9.71705137751303,1,16.2
"803","SANTA POLA",1977,1,8.17780794027825,0,27.9
"804","SANTA POLA",1979,1,21.9573400250941,0,12
"805","SANTA POLA",1981,-2,22.582304526749,0,7.40000000000001
"806","SANTA POLA",1983,5,16.9744020142677,2,5.89999999999999
"807","SANTA POLA",1985,0,14.9058295964126,0,1
"808","SANTA POLA",1987,6,19.0758663752732,-1,-32.7
"809","SANTA POLA",1989,8,13.0833770319874,3,-8.09999999999999
"810","SANTA POLA",1991,-5,-0.278228611175516,1,7
"812","SITGES",1965,3,43.6870642912471,0,43.3
"813","SITGES",1967,-4,9.73045822102426,0,-182.9
"814","SITGES",1969,1,10.6607713092606,1,0.800000000000068
"815","SITGES",1971,-2,4.17314095449501,0,-214.6
"816","SITGES",1973,0,11.6982740251438,0,-96.5
"817","SITGES",1975,1,20.1259061426936,2,-123.9
"818","SITGES",1977,6,9.24249642686994,1,21.2
"819","SITGES",1979,0,11.3970053786888,1,-7.79999999999995
"820","SITGES",1981,-6,10.5050241419809,1,-60.5
"821","SITGES",1983,12,6.08171941426547,0,29.4
"822","SITGES",1985,1,3.2617165757542,0,-16.1
"823","SITGES",1987,21,2.47951703320397,0,23.2
"824","SITGES",1989,0,4.90216705238797,0,34.4
"825","SITGES",1991,-10,8.05254713196951,0,9
"827","TONA",1965,-1,15.4121863799283,0,-10.7
"828","TONA",1967,0,10.2484472049689,0,-24.3
"829","TONA",1969,0,19.1549295774648,0,15.9
"830","TONA",1971,0,43.9716312056738,0,-3.1
"831","TONA",1973,0,18.8834154351396,2,6.9
"832","TONA",1975,1,43.3701657458564,0,-2.5
"833","TONA",1977,-1,10.4046242774566,1,-0.899999999999999
"834","TONA",1979,0,8.1151832460733,1,8.4
"835","TONA",1981,0,32.364810330912,0,-6.1
"836","TONA",1983,2,8.84146341463415,0,-3.1
"837","TONA",1985,-2,10.4761904761905,0,-6.1
"838","TONA",1987,2,3.70182555780933,0,-1.1
"839","TONA",1989,0,8.31295843520782,0,0.699999999999999
"840","TONA",1991,2,1.21896162528217,0,0
"842","TORREVIEJA",1965,0,40.072202166065,0,-5.5
"843","TORREVIEJA",1967,1,31.3144329896907,1,-3.6
"844","TORREVIEJA",1969,0,38.0765456329735,0,3.1
"845","TORREVIEJA",1971,-1,29.5664534470505,0,13.5
"846","TORREVIEJA",1973,0,7.67964893033461,0,136.5
"847","TORREVIEJA",1975,1,41.5690269994906,3,-134.1
"848","TORREVIEJA",1977,0,10.0755667506297,1,20
"849","TORREVIEJA",1979,3,43.1840470742073,1,9.3
"850","TORREVIEJA",1981,-3,35.2739726027397,0,-1.9
"851","TORREVIEJA",1983,5,20.4388185654008,2,13.7
"852","TORREVIEJA",1985,8,18.4417040358744,1,22.1
"853","TORREVIEJA",1987,13,39.5646000946522,0,-0.299999999999997
"854","TORREVIEJA",1989,11,17.0481519159037,4,-12.9
"855","TORREVIEJA",1991,-9,1.5644238429782,5,-4
"857","TUDELA DE DUERO",1965,1,48.2338611449452,0,-3.5
"858","TUDELA DE DUERO",1967,0,11.5036976170912,1,12.1
"859","TUDELA DE DUERO",1969,-1,13.448784082535,0,-4.4
"860","TUDELA DE DUERO",1971,0,21.3380967846703,0,10.7
"861","TUDELA DE DUERO",1973,1,21.0653104925054,3,-7.3
"862","TUDELA DE DUERO",1975,0,20.4510280787088,4,-8.4
"863","TUDELA DE DUERO",1977,6,17.6578560939794,2,6.2
"864","TUDELA DE DUERO",1979,-1,39.1575663026521,1,4.6
"865","TUDELA DE DUERO",1981,-4,11.6704035874439,1,-6
"866","TUDELA DE DUERO",1983,4,7.29846400963759,4,0.600000000000001
"867","TUDELA DE DUERO",1985,29,4.20097305389222,1,-6.8
"868","TUDELA DE DUERO",1987,-8,-0.59261919727036,-1,2
"869","TUDELA DE DUERO",1989,9,3.42335832354801,-1,0.799999999999997
"870","TUDELA DE DUERO",1991,-11,-0.524017467248908,0,-1
"872","VALENCIA",1965,14,28.4489791703242,5,-157.9
"873","VALENCIA",1967,-7,11.2171473134964,11,-63.3
"874","VALENCIA",1969,-2,15.3918443176972,5,-202
"875","VALENCIA",1971,11,18.8817541111981,6,-180.7
"876","VALENCIA",1973,-28,18.7653149948621,33,-164.8
"877","VALENCIA",1975,53,5.86844148641154,56,290.7
"878","VALENCIA",1977,51,7.95093063314906,61,310.2
"879","VALENCIA",1979,4,38.3554889506623,35,-62.5999999999999
"880","VALENCIA",1981,-91,13.9511455951061,23,-84.2
"881","VALENCIA",1983,154,-2.32145231751223,48,11.1000000000001
"882","VALENCIA",1985,188,3.73296693600232,-2,-43.3000000000002
"883","VALENCIA",1987,86,-4.61330572446544,-4,166.8
"884","VALENCIA",1989,146,0.930493273542601,25,53.0999999999999
"885","VALENCIA",1991,35,-1.08271990144699,19,-97
"887","VIC",1965,0,27.0725834193326,1,8.9
"888","VIC",1967,2,14.5100162425555,-1,-4.2
"889","VIC",1969,0,13.9243498817967,1,-5.5
"890","VIC",1971,1,13.7372898941689,0,-5.1
"891","VIC",1973,-3,41.3063309615034,4,12.3
"892","VIC",1975,2,17.3273079406068,5,-3.5
"893","VIC",1977,3,10.0913392758886,1,5.6
"894","VIC",1979,4,18.1427429028389,6,-2.9
"895","VIC",1981,-7,12.1076233183857,6,-3.9
"896","VIC",1983,4,0.0981132075471698,3,-4.1
"897","VIC",1985,28,8.58780064842042,-1,10.3
"898","VIC",1987,8,-4.06193584224413,-2,-0.100000000000001
"899","VIC",1989,8,2.64167330100601,-1,-3.7
"900","VIC",1991,-7,2.11535749541673,-1,1
"902","VILADECANS",1965,1,52.7131782945736,1,-57.5
"903","VILADECANS",1967,0,21.65820642978,0,84
"904","VILADECANS",1969,1,50.7649513212796,0,0.799999999999997
"905","VILADECANS",1971,-2,88.1918819188192,1,-16.5
"906","VILADECANS",1973,3,31.6176470588235,1,22.6
"907","VILADECANS",1975,-1,18.3240223463687,2,-11.7
"908","VILADECANS",1977,-2,104.091910607491,1,108
"909","VILADECANS",1979,7,66.533004318322,0,-21.5
"910","VILADECANS",1981,-6,21.0964993517318,2,-10.2
"911","VILADECANS",1983,10,3.60966656469868,0,28.1
"912","VILADECANS",1985,-3,5.69087688219663,0,-49.1
"913","VILADECANS",1987,21,4.07849710175292,0,-32.7
"914","VILADECANS",1989,-3,9.13909951016574,-1,-24.3
"915","VILADECANS",1991,14,3.41838303104826,0,-5
"917","VILANOVA I LA GELTRU",1965,-1,46.9444444444444,0,75.2
"918","VILANOVA I LA GELTRU",1967,2,15.8034026465028,1,-18.6
"919","VILANOVA I LA GELTRU",1969,1,13.4182174338883,0,-1.2
"920","VILANOVA I LA GELTRU",1971,-1,32.0379965457686,1,-9
"921","VILANOVA I LA GELTRU",1973,-1,16.8083714846305,1,-10.3
"922","VILANOVA I LA GELTRU",1975,2,63.5311683463979,6,-4
"923","VILANOVA I LA GELTRU",1977,3,12.9764893859849,2,-3.8
"924","VILANOVA I LA GELTRU",1979,2,49.1463784220628,2,7.8
"925","VILANOVA I LA GELTRU",1981,-7,16.4725006773232,0,-11.8
"926","VILANOVA I LA GELTRU",1983,5,3.82647127238893,0,30.3
"927","VILANOVA I LA GELTRU",1985,23,3.3325865352302,0,-6.1
"928","VILANOVA I LA GELTRU",1987,11,-0.498672014743347,-1,-6
"929","VILANOVA I LA GELTRU",1989,18,10.818761235496,0,0.399999999999999
"930","VILANOVA I LA GELTRU",1991,-27,1.9613626308804,0,40
"932","VITORIA-GASTEIZ",1965,7,38.2632864482439,1,353.9
"933","VITORIA-GASTEIZ",1967,6,21.9298245614035,2,-271.9
"934","VITORIA-GASTEIZ",1969,-4,19.0597521982414,2,-157.4
"935","VITORIA-GASTEIZ",1971,-10,26.5620410389828,2,-72.6
"936","VITORIA-GASTEIZ",1973,11,30.7284241238686,8,-13.3
"937","VITORIA-GASTEIZ",1975,7,24.6544421618606,14,-15.9
"938","VITORIA-GASTEIZ",1977,9,-99.571515768057,20,32.8
"939","VITORIA-GASTEIZ",1979,31,34818.3285849953,-2,-2.40000000000001
"940","VITORIA-GASTEIZ",1981,-43,13.3114852185265,12,-17.6
"941","VITORIA-GASTEIZ",1983,29,5.13399018325393,5,70.1
"942","VITORIA-GASTEIZ",1985,60,6.19371040465727,1,-31.5
"943","VITORIA-GASTEIZ",1987,16,-1.34686287366577,3,-33.9
"944","VITORIA-GASTEIZ",1989,89,-1.45568654797446,-2,-5.30000000000001
"945","VITORIA-GASTEIZ",1991,-26,5.08834391101479,-8,16
"947","XATIVA",1965,-2,22.3831468071099,-1,-3.6
"948","XATIVA",1967,2,15.0080688542227,0,-11.8
"949","XATIVA",1969,-2,10.3367633302152,1,0
"950","XATIVA",1971,0,11.4455277660025,0,0
"951","XATIVA",1973,-1,19.5891974134652,1,5.7
"952","XATIVA",1975,3,19.0203562340967,3,-5.7
"953","XATIVA",1977,0,10.0748262960983,1,13.3
"954","XATIVA",1979,4,24.8846807477543,0,1.4
"955","XATIVA",1981,-6,34.4284603421462,-1,-1.9
"956","XATIVA",1983,5,16.1966738973247,7,0.699999999999999
"957","XATIVA",1985,6,12.0224019912881,-2,-2
"958","XATIVA",1987,4,1.6775913787357,1,-2.2
"959","XATIVA",1989,7,9.28758741258741,-1,-0.300000000000001
"960","XATIVA",1991,1,2.27954409118176,0,0
"962","ZARAUTZ",1965,-1,44.9848024316109,0,15.5
"963","ZARAUTZ",1967,0,12.8301886792453,0,-28.4
"964","ZARAUTZ",1969,0,14.4555927164623,0,5.40000000000001
"965","ZARAUTZ",1971,0,17.9545454545455,0,-52.8
"966","ZARAUTZ",1973,0,19.9559592623176,1,-8.3
"967","ZARAUTZ",1975,0,31.8953648462598,2,-30.2
"968","ZARAUTZ",1977,2,13.3785664578984,2,-46.7
"969","ZARAUTZ",1979,5,-0.84394660119687,0,16.7
"970","ZARAUTZ",1981,-7,8.85174868461777,0,3.1
"971","ZARAUTZ",1983,4,3.38356553881149,0,22.1
"972","ZARAUTZ",1985,7,5.06050605060506,0,-11.6
"973","ZARAUTZ",1987,1,-11.5968586387435,0,-32.1
"974","ZARAUTZ",1989,7,22.8309150133254,0,-1.8
"975","ZARAUTZ",1991,-5,1.80810028929605,1,0
"977","ZESTOA",1965,2,15.3846153846154,0,-55.6
"978","ZESTOA",1967,-2,3.65079365079365,0,-36.9
"979","ZESTOA",1969,0,-4.13476263399694,0,-5.59999999999999
"980","ZESTOA",1971,1,22.3642172523962,0,-32.1
"981","ZESTOA",1973,-1,18.1462140992167,0,-11
"982","ZESTOA",1975,1,10.6077348066298,0,-10.4
"983","ZESTOA",1977,-1,7.39260739260739,1,1
"984","ZESTOA",1979,0,5.02325581395349,0,-13
"985","ZESTOA",1981,1,19.8405668733392,0,-6.9
"986","ZESTOA",1983,4,5.09977827050998,0,-2.8
"987","ZESTOA",1985,-5,-2.74261603375527,0,-3.8
"988","ZESTOA",1987,1,-19.884309472162,0,23.8
"989","ZESTOA",1989,2,-0.451263537906137,0,1.3
"990","ZESTOA",1991,1,6.25566636446056,0,-1
"992","ZUMAIA",1965,1,11.9883040935673,0,-17.6
"993","ZUMAIA",1967,-1,16.4490861618799,0,-10.3
"994","ZUMAIA",1969,1,15.2466367713004,0,-2.9
"995","ZUMAIA",1971,-1,24.9027237354086,0,-6.5
"996","ZUMAIA",1973,1,44.392523364486,0,-3.8
"997","ZUMAIA",1975,0,47.680690399137,0,-12.8
"998","ZUMAIA",1977,0,20.891161431702,1,0.3
"999","ZUMAIA",1979,1,24.2900302114804,0,2
"1000","ZUMAIA",1981,0,19.0082644628099,0,-3.8
"1001","ZUMAIA",1983,1,14.8692810457516,0,0
"1002","ZUMAIA",1985,0,5.44096728307255,0,0
"1003","ZUMAIA",1987,1,1.58516020236088,0,0
"1004","ZUMAIA",1989,0,6.47410358565737,0,0
"1005","ZUMAIA",1991,5,1.24727159338946,0,0
